Workbook

Sheet Output
A1: Date | B1: =IF(1<=Controls!$B$6,Controls!B$16,"") -> LV-426 | C1: =IF(2<=Controls!$B$6,Controls!C$16,"") -> Origae-6 | D1: =IF(3<=Controls!$B$6,Controls!D$16,"") -> Fiorina 151 | E1: =IF(4<=Controls!$B$6,Controls!E$16,"") | F1: =IF(5<=Controls!$B$6,Controls!F$16,"") | G1: =IF(6<=Controls!$B$6,Controls!G$16,"") | H1: =IF(7<=Controls!$B$6,Controls!H$16,"") | I1: =IF(8<=Controls!$B$6,Controls!I$16,"") | J1: =IF(9<=Controls!$B$6,Controls!J$16,"") | K1: =IF(10<=Controls!$B$6,Controls!K$16,"") | L1: Total
A2: =IF(1<=Controls!$B$5,Controls!$B$4+0,"") -> 72991 | B2: {=IF(OR($A2="",1>Controls!$B$6),"",ROUND(MAX(0,Smooth!B2*Controls!B$17*INDEX(Controls!$B$21:$H$21,1,WEEKDAY($A2,2))*(1+Controls!$B$11)^0*(1+Controls!G$25*Smooth!$L2)*(1+Controls!G$26*Smooth!$M2)*(1+Controls!G$27*Smooth!$N2)*(1+Controls!G$28*Smooth!$O2)),2))} -> 61.38 | C2: {=IF(OR($A2="",2>Controls!$B$6),"",ROUND(MAX(0,Smooth!C2*Controls!C$17*INDEX(Controls!$B$21:$H$21,1,WEEKDAY($A2,2))*(1+Controls!$B$11)^0*(1+Controls!H$25*Smooth!$L2)*(1+Controls!H$26*Smooth!$M2)*(1+Controls!H$27*Smooth!$N2)*(1+Controls!H$28*Smooth!$O2)),2))} -> 35.59 | D2: {=IF(OR($A2="",3>Controls!$B$6),"",ROUND(MAX(0,Smooth!D2*Controls!D$17*INDEX(Controls!$B$21:$H$21,1,WEEKDAY($A2,2))*(1+Controls!$B$11)^0*(1+Controls!I$25*Smooth!$L2)*(1+Controls!I$26*Smooth!$M2)*(1+Controls!I$27*Smooth!$N2)*(1+Controls!I$28*Smooth!$O2)),2))} -> 70.74 | E2: {=IF(OR($A2="",4>Controls!$B$6),"",ROUND(MAX(0,Smooth!E2*Controls!E$17*INDEX(Controls!$B$21:$H$21,1,WEEKDAY($A2,2))*(1+Controls!$B$11)^0*(1+Controls!J$25*Smooth!$L2)*(1+Controls!J$26*Smooth!$M2)*(1+Controls!J$27*Smooth!$N2)*(1+Controls!J$28*Smooth!$O2)),2))} | F2: {=IF(OR($A2="",5>Controls!$B$6),"",ROUND(MAX(0,Smooth!F2*Controls!F$17*INDEX(Controls!$B$21:$H$21,1,WEEKDAY($A2,2))*(1+Controls!$B$11)^0*(1+Controls!K$25*Smooth!$L2)*(1+Controls!K$26*Smooth!$M2)*(1+Controls!K$27*Smooth!$N2)*(1+Controls!K$28*Smooth!$O2)),2))} | G2: {=IF(OR($A2="",6>Controls!$B$6),"",ROUND(MAX(0,Smooth!G2*Controls!G$17*INDEX(Controls!$B$21:$H$21,1,WEEKDAY($A2,2))*(1+Controls!$B$11)^0*(1+Controls!L$25*Smooth!$L2)*(1+Controls!L$26*Smooth!$M2)*(1+Controls!L$27*Smooth!$N2)*(1+Controls!L$28*Smooth!$O2)),2))} | H2: {=IF(OR($A2="",7>Controls!$B$6),"",ROUND(MAX(0,Smooth!H2*Controls!H$17*INDEX(Controls!$B$21:$H$21,1,WEEKDAY($A2,2))*(1+Controls!$B$11)^0*(1+Controls!M$25*Smooth!$L2)*(1+Controls!M$26*Smooth!$M2)*(1+Controls!M$27*Smooth!$N2)*(1+Controls!M$28*Smooth!$O2)),2))} | I2: {=IF(OR($A2="",8>Controls!$B$6),"",ROUND(MAX(0,Smooth!I2*Controls!I$17*INDEX(Controls!$B$21:$H$21,1,WEEKDAY($A2,2))*(1+Controls!$B$11)^0*(1+Controls!N$25*Smooth!$L2)*(1+Controls!N$26*Smooth!$M2)*(1+Controls!N$27*Smooth!$N2)*(1+Controls!N$28*Smooth!$O2)),2))} | J2: {=IF(OR($A2="",9>Controls!$B$6),"",ROUND(MAX(0,Smooth!J2*Controls!J$17*INDEX(Controls!$B$21:$H$21,1,WEEKDAY($A2,2))*(1+Controls!$B$11)^0*(1+Controls!O$25*Smooth!$L2)*(1+Controls!O$26*Smooth!$M2)*(1+Controls!O$27*Smooth!$N2)*(1+Controls!O$28*Smooth!$O2)),2))} | K2: {=IF(OR($A2="",10>Controls!$B$6),"",ROUND(MAX(0,Smooth!K2*Controls!K$17*INDEX(Controls!$B$21:$H$21,1,WEEKDAY($A2,2))*(1+Controls!$B$11)^0*(1+Controls!P$25*Smooth!$L2)*(1+Controls!P$26*Smooth!$M2)*(1+Controls!P$27*Smooth!$N2)*(1+Controls!P$28*Smooth!$O2)),2))} | L2: =IF(A2="","",SUM(B2:K2)) -> 167.71
A3: =IF(2<=Controls!$B$5,Controls!$B$4+1,"") -> 72992 | B3: {=IF(OR($A3="",1>Controls!$B$6),"",ROUND(MAX(0,Smooth!B3*Controls!B$17*INDEX(Controls!$B$21:$H$21,1,WEEKDAY($A3,2))*(1+Controls!$B$11)^1*(1+Controls!G$25*Smooth!$L3)*(1+Controls!G$26*Smooth!$M3)*(1+Controls!G$27*Smooth!$N3)*(1+Controls!G$28*Smooth!$O3)),2))} -> 60.22 | C3: {=IF(OR($A3="",2>Controls!$B$6),"",ROUND(MAX(0,Smooth!C3*Controls!C$17*INDEX(Controls!$B$21:$H$21,1,WEEKDAY($A3,2))*(1+Controls!$B$11)^1*(1+Controls!H$25*Smooth!$L3)*(1+Controls!H$26*Smooth!$M3)*(1+Controls!H$27*Smooth!$N3)*(1+Controls!H$28*Smooth!$O3)),2))} -> 34.07 | D3: {=IF(OR($A3="",3>Controls!$B$6),"",ROUND(MAX(0,Smooth!D3*Controls!D$17*INDEX(Controls!$B$21:$H$21,1,WEEKDAY($A3,2))*(1+Controls!$B$11)^1*(1+Controls!I$25*Smooth!$L3)*(1+Controls!I$26*Smooth!$M3)*(1+Controls!I$27*Smooth!$N3)*(1+Controls!I$28*Smooth!$O3)),2))} -> 73.47 | E3: {=IF(OR($A3="",4>Controls!$B$6),"",ROUND(MAX(0,Smooth!E3*Controls!E$17*INDEX(Controls!$B$21:$H$21,1,WEEKDAY($A3,2))*(1+Controls!$B$11)^1*(1+Controls!J$25*Smooth!$L3)*(1+Controls!J$26*Smooth!$M3)*(1+Controls!J$27*Smooth!$N3)*(1+Controls!J$28*Smooth!$O3)),2))} | F3: {=IF(OR($A3="",5>Controls!$B$6),"",ROUND(MAX(0,Smooth!F3*Controls!F$17*INDEX(Controls!$B$21:$H$21,1,WEEKDAY($A3,2))*(1+Controls!$B$11)^1*(1+Controls!K$25*Smooth!$L3)*(1+Controls!K$26*Smooth!$M3)*(1+Controls!K$27*Smooth!$N3)*(1+Controls!K$28*Smooth!$O3)),2))} | G3: {=IF(OR($A3="",6>Controls!$B$6),"",ROUND(MAX(0,Smooth!G3*Controls!G$17*INDEX(Controls!$B$21:$H$21,1,WEEKDAY($A3,2))*(1+Controls!$B$11)^1*(1+Controls!L$25*Smooth!$L3)*(1+Controls!L$26*Smooth!$M3)*(1+Controls!L$27*Smooth!$N3)*(1+Controls!L$28*Smooth!$O3)),2))} | H3: {=IF(OR($A3="",7>Controls!$B$6),"",ROUND(MAX(0,Smooth!H3*Controls!H$17*INDEX(Controls!$B$21:$H$21,1,WEEKDAY($A3,2))*(1+Controls!$B$11)^1*(1+Controls!M$25*Smooth!$L3)*(1+Controls!M$26*Smooth!$M3)*(1+Controls!M$27*Smooth!$N3)*(1+Controls!M$28*Smooth!$O3)),2))} | I3: {=IF(OR($A3="",8>Controls!$B$6),"",ROUND(MAX(0,Smooth!I3*Controls!I$17*INDEX(Controls!$B$21:$H$21,1,WEEKDAY($A3,2))*(1+Controls!$B$11)^1*(1+Controls!N$25*Smooth!$L3)*(1+Controls!N$26*Smooth!$M3)*(1+Controls!N$27*Smooth!$N3)*(1+Controls!N$28*Smooth!$O3)),2))} | J3: {=IF(OR($A3="",9>Controls!$B$6),"",ROUND(MAX(0,Smooth!J3*Controls!J$17*INDEX(Controls!$B$21:$H$21,1,WEEKDAY($A3,2))*(1+Controls!$B$11)^1*(1+Controls!O$25*Smooth!$L3)*(1+Controls!O$26*Smooth!$M3)*(1+Controls!O$27*Smooth!$N3)*(1+Controls!O$28*Smooth!$O3)),2))} | K3: {=IF(OR($A3="",10>Controls!$B$6),"",ROUND(MAX(0,Smooth!K3*Controls!K$17*INDEX(Controls!$B$21:$H$21,1,WEEKDAY($A3,2))*(1+Controls!$B$11)^1*(1+Controls!P$25*Smooth!$L3)*(1+Controls!P$26*Smooth!$M3)*(1+Controls!P$27*Smooth!$N3)*(1+Controls!P$28*Smooth!$O3)),2))} | L3: =IF(A3="","",SUM(B3:K3)) -> 167.76
A4: =IF(3<=Controls!$B$5,Controls!$B$4+2,"") -> 72993 | B4: {=IF(OR($A4="",1>Controls!$B$6),"",ROUND(MAX(0,Smooth!B4*Controls!B$17*INDEX(Controls!$B$21:$H$21,1,WEEKDAY($A4,2))*(1+Controls!$B$11)^2*(1+Controls!G$25*Smooth!$L4)*(1+Controls!G$26*Smooth!$M4)*(1+Controls!G$27*Smooth!$N4)*(1+Controls!G$28*Smooth!$O4)),2))} -> 52.97 | C4: {=IF(OR($A4="",2>Controls!$B$6),"",ROUND(MAX(0,Smooth!C4*Controls!C$17*INDEX(Controls!$B$21:$H$21,1,WEEKDAY($A4,2))*(1+Controls!$B$11)^2*(1+Controls!H$25*Smooth!$L4)*(1+Controls!H$26*Smooth!$M4)*(1+Controls!H$27*Smooth!$N4)*(1+Controls!H$28*Smooth!$O4)),2))} -> 32.41 | D4: {=IF(OR($A4="",3>Controls!$B$6),"",ROUND(MAX(0,Smooth!D4*Controls!D$17*INDEX(Controls!$B$21:$H$21,1,WEEKDAY($A4,2))*(1+Controls!$B$11)^2*(1+Controls!I$25*Smooth!$L4)*(1+Controls!I$26*Smooth!$M4)*(1+Controls!I$27*Smooth!$N4)*(1+Controls!I$28*Smooth!$O4)),2))} -> 63.4 | E4: {=IF(OR($A4="",4>Controls!$B$6),"",ROUND(MAX(0,Smooth!E4*Controls!E$17*INDEX(Controls!$B$21:$H$21,1,WEEKDAY($A4,2))*(1+Controls!$B$11)^2*(1+Controls!J$25*Smooth!$L4)*(1+Controls!J$26*Smooth!$M4)*(1+Controls!J$27*Smooth!$N4)*(1+Controls!J$28*Smooth!$O4)),2))} | F4: {=IF(OR($A4="",5>Controls!$B$6),"",ROUND(MAX(0,Smooth!F4*Controls!F$17*INDEX(Controls!$B$21:$H$21,1,WEEKDAY($A4,2))*(1+Controls!$B$11)^2*(1+Controls!K$25*Smooth!$L4)*(1+Controls!K$26*Smooth!$M4)*(1+Controls!K$27*Smooth!$N4)*(1+Controls!K$28*Smooth!$O4)),2))} | G4: {=IF(OR($A4="",6>Controls!$B$6),"",ROUND(MAX(0,Smooth!G4*Controls!G$17*INDEX(Controls!$B$21:$H$21,1,WEEKDAY($A4,2))*(1+Controls!$B$11)^2*(1+Controls!L$25*Smooth!$L4)*(1+Controls!L$26*Smooth!$M4)*(1+Controls!L$27*Smooth!$N4)*(1+Controls!L$28*Smooth!$O4)),2))} | H4: {=IF(OR($A4="",7>Controls!$B$6),"",ROUND(MAX(0,Smooth!H4*Controls!H$17*INDEX(Controls!$B$21:$H$21,1,WEEKDAY($A4,2))*(1+Controls!$B$11)^2*(1+Controls!M$25*Smooth!$L4)*(1+Controls!M$26*Smooth!$M4)*(1+Controls!M$27*Smooth!$N4)*(1+Controls!M$28*Smooth!$O4)),2))} | I4: {=IF(OR($A4="",8>Controls!$B$6),"",ROUND(MAX(0,Smooth!I4*Controls!I$17*INDEX(Controls!$B$21:$H$21,1,WEEKDAY($A4,2))*(1+Controls!$B$11)^2*(1+Controls!N$25*Smooth!$L4)*(1+Controls!N$26*Smooth!$M4)*(1+Controls!N$27*Smooth!$N4)*(1+Controls!N$28*Smooth!$O4)),2))} | J4: {=IF(OR($A4="",9>Controls!$B$6),"",ROUND(MAX(0,Smooth!J4*Controls!J$17*INDEX(Controls!$B$21:$H$21,1,WEEKDAY($A4,2))*(1+Controls!$B$11)^2*(1+Controls!O$25*Smooth!$L4)*(1+Controls!O$26*Smooth!$M4)*(1+Controls!O$27*Smooth!$N4)*(1+Controls!O$28*Smooth!$O4)),2))} | K4: {=IF(OR($A4="",10>Controls!$B$6),"",ROUND(MAX(0,Smooth!K4*Controls!K$17*INDEX(Controls!$B$21:$H$21,1,WEEKDAY($A4,2))*(1+Controls!$B$11)^2*(1+Controls!P$25*Smooth!$L4)*(1+Controls!P$26*Smooth!$M4)*(1+Controls!P$27*Smooth!$N4)*(1+Controls!P$28*Smooth!$O4)),2))} | L4: =IF(A4="","",SUM(B4:K4)) -> 148.78
A5: =IF(4<=Controls!$B$5,Controls!$B$4+3,"") -> 72994 | B5: {=IF(OR($A5="",1>Controls!$B$6),"",ROUND(MAX(0,Smooth!B5*Controls!B$17*INDEX(Controls!$B$21:$H$21,1,WEEKDAY($A5,2))*(1+Controls!$B$11)^3*(1+Controls!G$25*Smooth!$L5)*(1+Controls!G$26*Smooth!$M5)*(1+Controls!G$27*Smooth!$N5)*(1+Controls!G$28*Smooth!$O5)),2))} -> 44.96 | C5: {=IF(OR($A5="",2>Controls!$B$6),"",ROUND(MAX(0,Smooth!C5*Controls!C$17*INDEX(Controls!$B$21:$H$21,1,WEEKDAY($A5,2))*(1+Controls!$B$11)^3*(1+Controls!H$25*Smooth!$L5)*(1+Controls!H$26*Smooth!$M5)*(1+Controls!H$27*Smooth!$N5)*(1+Controls!H$28*Smooth!$O5)),2))} -> 28.42 | D5: {=IF(OR($A5="",3>Controls!$B$6),"",ROUND(MAX(0,Smooth!D5*Controls!D$17*INDEX(Controls!$B$21:$H$21,1,WEEKDAY($A5,2))*(1+Controls!$B$11)^3*(1+Controls!I$25*Smooth!$L5)*(1+Controls!I$26*Smooth!$M5)*(1+Controls!I$27*Smooth!$N5)*(1+Controls!I$28*Smooth!$O5)),2))} -> 51.79 | E5: {=IF(OR($A5="",4>Controls!$B$6),"",ROUND(MAX(0,Smooth!E5*Controls!E$17*INDEX(Controls!$B$21:$H$21,1,WEEKDAY($A5,2))*(1+Controls!$B$11)^3*(1+Controls!J$25*Smooth!$L5)*(1+Controls!J$26*Smooth!$M5)*(1+Controls!J$27*Smooth!$N5)*(1+Controls!J$28*Smooth!$O5)),2))} | F5: {=IF(OR($A5="",5>Controls!$B$6),"",ROUND(MAX(0,Smooth!F5*Controls!F$17*INDEX(Controls!$B$21:$H$21,1,WEEKDAY($A5,2))*(1+Controls!$B$11)^3*(1+Controls!K$25*Smooth!$L5)*(1+Controls!K$26*Smooth!$M5)*(1+Controls!K$27*Smooth!$N5)*(1+Controls!K$28*Smooth!$O5)),2))} | G5: {=IF(OR($A5="",6>Controls!$B$6),"",ROUND(MAX(0,Smooth!G5*Controls!G$17*INDEX(Controls!$B$21:$H$21,1,WEEKDAY($A5,2))*(1+Controls!$B$11)^3*(1+Controls!L$25*Smooth!$L5)*(1+Controls!L$26*Smooth!$M5)*(1+Controls!L$27*Smooth!$N5)*(1+Controls!L$28*Smooth!$O5)),2))} | H5: {=IF(OR($A5="",7>Controls!$B$6),"",ROUND(MAX(0,Smooth!H5*Controls!H$17*INDEX(Controls!$B$21:$H$21,1,WEEKDAY($A5,2))*(1+Controls!$B$11)^3*(1+Controls!M$25*Smooth!$L5)*(1+Controls!M$26*Smooth!$M5)*(1+Controls!M$27*Smooth!$N5)*(1+Controls!M$28*Smooth!$O5)),2))} | I5: {=IF(OR($A5="",8>Controls!$B$6),"",ROUND(MAX(0,Smooth!I5*Controls!I$17*INDEX(Controls!$B$21:$H$21,1,WEEKDAY($A5,2))*(1+Controls!$B$11)^3*(1+Controls!N$25*Smooth!$L5)*(1+Controls!N$26*Smooth!$M5)*(1+Controls!N$27*Smooth!$N5)*(1+Controls!N$28*Smooth!$O5)),2))} | J5: {=IF(OR($A5="",9>Controls!$B$6),"",ROUND(MAX(0,Smooth!J5*Controls!J$17*INDEX(Controls!$B$21:$H$21,1,WEEKDAY($A5,2))*(1+Controls!$B$11)^3*(1+Controls!O$25*Smooth!$L5)*(1+Controls!O$26*Smooth!$M5)*(1+Controls!O$27*Smooth!$N5)*(1+Controls!O$28*Smooth!$O5)),2))} | K5: {=IF(OR($A5="",10>Controls!$B$6),"",ROUND(MAX(0,Smooth!K5*Controls!K$17*INDEX(Controls!$B$21:$H$21,1,WEEKDAY($A5,2))*(1+Controls!$B$11)^3*(1+Controls!P$25*Smooth!$L5)*(1+Controls!P$26*Smooth!$M5)*(1+Controls!P$27*Smooth!$N5)*(1+Controls!P$28*Smooth!$O5)),2))} | L5: =IF(A5="","",SUM(B5:K5)) -> 125.17
A6: =IF(5<=Controls!$B$5,Controls!$B$4+4,"") -> 72995 | B6: {=IF(OR($A6="",1>Controls!$B$6),"",ROUND(MAX(0,Smooth!B6*Controls!B$17*INDEX(Controls!$B$21:$H$21,1,WEEKDAY($A6,2))*(1+Controls!$B$11)^4*(1+Controls!G$25*Smooth!$L6)*(1+Controls!G$26*Smooth!$M6)*(1+Controls!G$27*Smooth!$N6)*(1+Controls!G$28*Smooth!$O6)),2))} -> 55.02 | C6: {=IF(OR($A6="",2>Controls!$B$6),"",ROUND(MAX(0,Smooth!C6*Controls!C$17*INDEX(Controls!$B$21:$H$21,1,WEEKDAY($A6,2))*(1+Controls!$B$11)^4*(1+Controls!H$25*Smooth!$L6)*(1+Controls!H$26*Smooth!$M6)*(1+Controls!H$27*Smooth!$N6)*(1+Controls!H$28*Smooth!$O6)),2))} -> 27.74 | D6: {=IF(OR($A6="",3>Controls!$B$6),"",ROUND(MAX(0,Smooth!D6*Controls!D$17*INDEX(Controls!$B$21:$H$21,1,WEEKDAY($A6,2))*(1+Controls!$B$11)^4*(1+Controls!I$25*Smooth!$L6)*(1+Controls!I$26*Smooth!$M6)*(1+Controls!I$27*Smooth!$N6)*(1+Controls!I$28*Smooth!$O6)),2))} -> 46.67 | E6: {=IF(OR($A6="",4>Controls!$B$6),"",ROUND(MAX(0,Smooth!E6*Controls!E$17*INDEX(Controls!$B$21:$H$21,1,WEEKDAY($A6,2))*(1+Controls!$B$11)^4*(1+Controls!J$25*Smooth!$L6)*(1+Controls!J$26*Smooth!$M6)*(1+Controls!J$27*Smooth!$N6)*(1+Controls!J$28*Smooth!$O6)),2))} | F6: {=IF(OR($A6="",5>Controls!$B$6),"",ROUND(MAX(0,Smooth!F6*Controls!F$17*INDEX(Controls!$B$21:$H$21,1,WEEKDAY($A6,2))*(1+Controls!$B$11)^4*(1+Controls!K$25*Smooth!$L6)*(1+Controls!K$26*Smooth!$M6)*(1+Controls!K$27*Smooth!$N6)*(1+Controls!K$28*Smooth!$O6)),2))} | G6: {=IF(OR($A6="",6>Controls!$B$6),"",ROUND(MAX(0,Smooth!G6*Controls!G$17*INDEX(Controls!$B$21:$H$21,1,WEEKDAY($A6,2))*(1+Controls!$B$11)^4*(1+Controls!L$25*Smooth!$L6)*(1+Controls!L$26*Smooth!$M6)*(1+Controls!L$27*Smooth!$N6)*(1+Controls!L$28*Smooth!$O6)),2))} | H6: {=IF(OR($A6="",7>Controls!$B$6),"",ROUND(MAX(0,Smooth!H6*Controls!H$17*INDEX(Controls!$B$21:$H$21,1,WEEKDAY($A6,2))*(1+Controls!$B$11)^4*(1+Controls!M$25*Smooth!$L6)*(1+Controls!M$26*Smooth!$M6)*(1+Controls!M$27*Smooth!$N6)*(1+Controls!M$28*Smooth!$O6)),2))} | I6: {=IF(OR($A6="",8>Controls!$B$6),"",ROUND(MAX(0,Smooth!I6*Controls!I$17*INDEX(Controls!$B$21:$H$21,1,WEEKDAY($A6,2))*(1+Controls!$B$11)^4*(1+Controls!N$25*Smooth!$L6)*(1+Controls!N$26*Smooth!$M6)*(1+Controls!N$27*Smooth!$N6)*(1+Controls!N$28*Smooth!$O6)),2))} | J6: {=IF(OR($A6="",9>Controls!$B$6),"",ROUND(MAX(0,Smooth!J6*Controls!J$17*INDEX(Controls!$B$21:$H$21,1,WEEKDAY($A6,2))*(1+Controls!$B$11)^4*(1+Controls!O$25*Smooth!$L6)*(1+Controls!O$26*Smooth!$M6)*(1+Controls!O$27*Smooth!$N6)*(1+Controls!O$28*Smooth!$O6)),2))} | K6: {=IF(OR($A6="",10>Controls!$B$6),"",ROUND(MAX(0,Smooth!K6*Controls!K$17*INDEX(Controls!$B$21:$H$21,1,WEEKDAY($A6,2))*(1+Controls!$B$11)^4*(1+Controls!P$25*Smooth!$L6)*(1+Controls!P$26*Smooth!$M6)*(1+Controls!P$27*Smooth!$N6)*(1+Controls!P$28*Smooth!$O6)),2))} | L6: =IF(A6="","",SUM(B6:K6)) -> 129.43
A7: =IF(6<=Controls!$B$5,Controls!$B$4+5,"") -> 72996 | B7: {=IF(OR($A7="",1>Controls!$B$6),"",ROUND(MAX(0,Smooth!B7*Controls!B$17*INDEX(Controls!$B$21:$H$21,1,WEEKDAY($A7,2))*(1+Controls!$B$11)^5*(1+Controls!G$25*Smooth!$L7)*(1+Controls!G$26*Smooth!$M7)*(1+Controls!G$27*Smooth!$N7)*(1+Controls!G$28*Smooth!$O7)),2))} -> 42.04 | C7: {=IF(OR($A7="",2>Controls!$B$6),"",ROUND(MAX(0,Smooth!C7*Controls!C$17*INDEX(Controls!$B$21:$H$21,1,WEEKDAY($A7,2))*(1+Controls!$B$11)^5*(1+Controls!H$25*Smooth!$L7)*(1+Controls!H$26*Smooth!$M7)*(1+Controls!H$27*Smooth!$N7)*(1+Controls!H$28*Smooth!$O7)),2))} -> 27.91 | D7: {=IF(OR($A7="",3>Controls!$B$6),"",ROUND(MAX(0,Smooth!D7*Controls!D$17*INDEX(Controls!$B$21:$H$21,1,WEEKDAY($A7,2))*(1+Controls!$B$11)^5*(1+Controls!I$25*Smooth!$L7)*(1+Controls!I$26*Smooth!$M7)*(1+Controls!I$27*Smooth!$N7)*(1+Controls!I$28*Smooth!$O7)),2))} -> 44.21 | E7: {=IF(OR($A7="",4>Controls!$B$6),"",ROUND(MAX(0,Smooth!E7*Controls!E$17*INDEX(Controls!$B$21:$H$21,1,WEEKDAY($A7,2))*(1+Controls!$B$11)^5*(1+Controls!J$25*Smooth!$L7)*(1+Controls!J$26*Smooth!$M7)*(1+Controls!J$27*Smooth!$N7)*(1+Controls!J$28*Smooth!$O7)),2))} | F7: {=IF(OR($A7="",5>Controls!$B$6),"",ROUND(MAX(0,Smooth!F7*Controls!F$17*INDEX(Controls!$B$21:$H$21,1,WEEKDAY($A7,2))*(1+Controls!$B$11)^5*(1+Controls!K$25*Smooth!$L7)*(1+Controls!K$26*Smooth!$M7)*(1+Controls!K$27*Smooth!$N7)*(1+Controls!K$28*Smooth!$O7)),2))} | G7: {=IF(OR($A7="",6>Controls!$B$6),"",ROUND(MAX(0,Smooth!G7*Controls!G$17*INDEX(Controls!$B$21:$H$21,1,WEEKDAY($A7,2))*(1+Controls!$B$11)^5*(1+Controls!L$25*Smooth!$L7)*(1+Controls!L$26*Smooth!$M7)*(1+Controls!L$27*Smooth!$N7)*(1+Controls!L$28*Smooth!$O7)),2))} | H7: {=IF(OR($A7="",7>Controls!$B$6),"",ROUND(MAX(0,Smooth!H7*Controls!H$17*INDEX(Controls!$B$21:$H$21,1,WEEKDAY($A7,2))*(1+Controls!$B$11)^5*(1+Controls!M$25*Smooth!$L7)*(1+Controls!M$26*Smooth!$M7)*(1+Controls!M$27*Smooth!$N7)*(1+Controls!M$28*Smooth!$O7)),2))} | I7: {=IF(OR($A7="",8>Controls!$B$6),"",ROUND(MAX(0,Smooth!I7*Controls!I$17*INDEX(Controls!$B$21:$H$21,1,WEEKDAY($A7,2))*(1+Controls!$B$11)^5*(1+Controls!N$25*Smooth!$L7)*(1+Controls!N$26*Smooth!$M7)*(1+Controls!N$27*Smooth!$N7)*(1+Controls!N$28*Smooth!$O7)),2))} | J7: {=IF(OR($A7="",9>Controls!$B$6),"",ROUND(MAX(0,Smooth!J7*Controls!J$17*INDEX(Controls!$B$21:$H$21,1,WEEKDAY($A7,2))*(1+Controls!$B$11)^5*(1+Controls!O$25*Smooth!$L7)*(1+Controls!O$26*Smooth!$M7)*(1+Controls!O$27*Smooth!$N7)*(1+Controls!O$28*Smooth!$O7)),2))} | K7: {=IF(OR($A7="",10>Controls!$B$6),"",ROUND(MAX(0,Smooth!K7*Controls!K$17*INDEX(Controls!$B$21:$H$21,1,WEEKDAY($A7,2))*(1+Controls!$B$11)^5*(1+Controls!P$25*Smooth!$L7)*(1+Controls!P$26*Smooth!$M7)*(1+Controls!P$27*Smooth!$N7)*(1+Controls!P$28*Smooth!$O7)),2))} | L7: =IF(A7="","",SUM(B7:K7)) -> 114.16
A8: =IF(7<=Controls!$B$5,Controls!$B$4+6,"") -> 72997 | B8: {=IF(OR($A8="",1>Controls!$B$6),"",ROUND(MAX(0,Smooth!B8*Controls!B$17*INDEX(Controls!$B$21:$H$21,1,WEEKDAY($A8,2))*(1+Controls!$B$11)^6*(1+Controls!G$25*Smooth!$L8)*(1+Controls!G$26*Smooth!$M8)*(1+Controls!G$27*Smooth!$N8)*(1+Controls!G$28*Smooth!$O8)),2))} -> 20.7 | C8: {=IF(OR($A8="",2>Controls!$B$6),"",ROUND(MAX(0,Smooth!C8*Controls!C$17*INDEX(Controls!$B$21:$H$21,1,WEEKDAY($A8,2))*(1+Controls!$B$11)^6*(1+Controls!H$25*Smooth!$L8)*(1+Controls!H$26*Smooth!$M8)*(1+Controls!H$27*Smooth!$N8)*(1+Controls!H$28*Smooth!$O8)),2))} -> 16.77 | D8: {=IF(OR($A8="",3>Controls!$B$6),"",ROUND(MAX(0,Smooth!D8*Controls!D$17*INDEX(Controls!$B$21:$H$21,1,WEEKDAY($A8,2))*(1+Controls!$B$11)^6*(1+Controls!I$25*Smooth!$L8)*(1+Controls!I$26*Smooth!$M8)*(1+Controls!I$27*Smooth!$N8)*(1+Controls!I$28*Smooth!$O8)),2))} -> 25.4 | E8: {=IF(OR($A8="",4>Controls!$B$6),"",ROUND(MAX(0,Smooth!E8*Controls!E$17*INDEX(Controls!$B$21:$H$21,1,WEEKDAY($A8,2))*(1+Controls!$B$11)^6*(1+Controls!J$25*Smooth!$L8)*(1+Controls!J$26*Smooth!$M8)*(1+Controls!J$27*Smooth!$N8)*(1+Controls!J$28*Smooth!$O8)),2))} | F8: {=IF(OR($A8="",5>Controls!$B$6),"",ROUND(MAX(0,Smooth!F8*Controls!F$17*INDEX(Controls!$B$21:$H$21,1,WEEKDAY($A8,2))*(1+Controls!$B$11)^6*(1+Controls!K$25*Smooth!$L8)*(1+Controls!K$26*Smooth!$M8)*(1+Controls!K$27*Smooth!$N8)*(1+Controls!K$28*Smooth!$O8)),2))} | G8: {=IF(OR($A8="",6>Controls!$B$6),"",ROUND(MAX(0,Smooth!G8*Controls!G$17*INDEX(Controls!$B$21:$H$21,1,WEEKDAY($A8,2))*(1+Controls!$B$11)^6*(1+Controls!L$25*Smooth!$L8)*(1+Controls!L$26*Smooth!$M8)*(1+Controls!L$27*Smooth!$N8)*(1+Controls!L$28*Smooth!$O8)),2))} | H8: {=IF(OR($A8="",7>Controls!$B$6),"",ROUND(MAX(0,Smooth!H8*Controls!H$17*INDEX(Controls!$B$21:$H$21,1,WEEKDAY($A8,2))*(1+Controls!$B$11)^6*(1+Controls!M$25*Smooth!$L8)*(1+Controls!M$26*Smooth!$M8)*(1+Controls!M$27*Smooth!$N8)*(1+Controls!M$28*Smooth!$O8)),2))} | I8: {=IF(OR($A8="",8>Controls!$B$6),"",ROUND(MAX(0,Smooth!I8*Controls!I$17*INDEX(Controls!$B$21:$H$21,1,WEEKDAY($A8,2))*(1+Controls!$B$11)^6*(1+Controls!N$25*Smooth!$L8)*(1+Controls!N$26*Smooth!$M8)*(1+Controls!N$27*Smooth!$N8)*(1+Controls!N$28*Smooth!$O8)),2))} | J8: {=IF(OR($A8="",9>Controls!$B$6),"",ROUND(MAX(0,Smooth!J8*Controls!J$17*INDEX(Controls!$B$21:$H$21,1,WEEKDAY($A8,2))*(1+Controls!$B$11)^6*(1+Controls!O$25*Smooth!$L8)*(1+Controls!O$26*Smooth!$M8)*(1+Controls!O$27*Smooth!$N8)*(1+Controls!O$28*Smooth!$O8)),2))} | K8: {=IF(OR($A8="",10>Controls!$B$6),"",ROUND(MAX(0,Smooth!K8*Controls!K$17*INDEX(Controls!$B$21:$H$21,1,WEEKDAY($A8,2))*(1+Controls!$B$11)^6*(1+Controls!P$25*Smooth!$L8)*(1+Controls!P$26*Smooth!$M8)*(1+Controls!P$27*Smooth!$N8)*(1+Controls!P$28*Smooth!$O8)),2))} | L8: =IF(A8="","",SUM(B8:K8)) -> 62.87
A9: =IF(8<=Controls!$B$5,Controls!$B$4+7,"") -> 72998 | B9: {=IF(OR($A9="",1>Controls!$B$6),"",ROUND(MAX(0,Smooth!B9*Controls!B$17*INDEX(Controls!$B$21:$H$21,1,WEEKDAY($A9,2))*(1+Controls!$B$11)^7*(1+Controls!G$25*Smooth!$L9)*(1+Controls!G$26*Smooth!$M9)*(1+Controls!G$27*Smooth!$N9)*(1+Controls!G$28*Smooth!$O9)),2))} -> 43.51 | C9: {=IF(OR($A9="",2>Controls!$B$6),"",ROUND(MAX(0,Smooth!C9*Controls!C$17*INDEX(Controls!$B$21:$H$21,1,WEEKDAY($A9,2))*(1+Controls!$B$11)^7*(1+Controls!H$25*Smooth!$L9)*(1+Controls!H$26*Smooth!$M9)*(1+Controls!H$27*Smooth!$N9)*(1+Controls!H$28*Smooth!$O9)),2))} -> 46.01 | D9: {=IF(OR($A9="",3>Controls!$B$6),"",ROUND(MAX(0,Smooth!D9*Controls!D$17*INDEX(Controls!$B$21:$H$21,1,WEEKDAY($A9,2))*(1+Controls!$B$11)^7*(1+Controls!I$25*Smooth!$L9)*(1+Controls!I$26*Smooth!$M9)*(1+Controls!I$27*Smooth!$N9)*(1+Controls!I$28*Smooth!$O9)),2))} -> 75.22 | E9: {=IF(OR($A9="",4>Controls!$B$6),"",ROUND(MAX(0,Smooth!E9*Controls!E$17*INDEX(Controls!$B$21:$H$21,1,WEEKDAY($A9,2))*(1+Controls!$B$11)^7*(1+Controls!J$25*Smooth!$L9)*(1+Controls!J$26*Smooth!$M9)*(1+Controls!J$27*Smooth!$N9)*(1+Controls!J$28*Smooth!$O9)),2))} | F9: {=IF(OR($A9="",5>Controls!$B$6),"",ROUND(MAX(0,Smooth!F9*Controls!F$17*INDEX(Controls!$B$21:$H$21,1,WEEKDAY($A9,2))*(1+Controls!$B$11)^7*(1+Controls!K$25*Smooth!$L9)*(1+Controls!K$26*Smooth!$M9)*(1+Controls!K$27*Smooth!$N9)*(1+Controls!K$28*Smooth!$O9)),2))} | G9: {=IF(OR($A9="",6>Controls!$B$6),"",ROUND(MAX(0,Smooth!G9*Controls!G$17*INDEX(Controls!$B$21:$H$21,1,WEEKDAY($A9,2))*(1+Controls!$B$11)^7*(1+Controls!L$25*Smooth!$L9)*(1+Controls!L$26*Smooth!$M9)*(1+Controls!L$27*Smooth!$N9)*(1+Controls!L$28*Smooth!$O9)),2))} | H9: {=IF(OR($A9="",7>Controls!$B$6),"",ROUND(MAX(0,Smooth!H9*Controls!H$17*INDEX(Controls!$B$21:$H$21,1,WEEKDAY($A9,2))*(1+Controls!$B$11)^7*(1+Controls!M$25*Smooth!$L9)*(1+Controls!M$26*Smooth!$M9)*(1+Controls!M$27*Smooth!$N9)*(1+Controls!M$28*Smooth!$O9)),2))} | I9: {=IF(OR($A9="",8>Controls!$B$6),"",ROUND(MAX(0,Smooth!I9*Controls!I$17*INDEX(Controls!$B$21:$H$21,1,WEEKDAY($A9,2))*(1+Controls!$B$11)^7*(1+Controls!N$25*Smooth!$L9)*(1+Controls!N$26*Smooth!$M9)*(1+Controls!N$27*Smooth!$N9)*(1+Controls!N$28*Smooth!$O9)),2))} | J9: {=IF(OR($A9="",9>Controls!$B$6),"",ROUND(MAX(0,Smooth!J9*Controls!J$17*INDEX(Controls!$B$21:$H$21,1,WEEKDAY($A9,2))*(1+Controls!$B$11)^7*(1+Controls!O$25*Smooth!$L9)*(1+Controls!O$26*Smooth!$M9)*(1+Controls!O$27*Smooth!$N9)*(1+Controls!O$28*Smooth!$O9)),2))} | K9: {=IF(OR($A9="",10>Controls!$B$6),"",ROUND(MAX(0,Smooth!K9*Controls!K$17*INDEX(Controls!$B$21:$H$21,1,WEEKDAY($A9,2))*(1+Controls!$B$11)^7*(1+Controls!P$25*Smooth!$L9)*(1+Controls!P$26*Smooth!$M9)*(1+Controls!P$27*Smooth!$N9)*(1+Controls!P$28*Smooth!$O9)),2))} | L9: =IF(A9="","",SUM(B9:K9)) -> 164.74
A10: =IF(9<=Controls!$B$5,Controls!$B$4+8,"") -> 72999 | B10: {=IF(OR($A10="",1>Controls!$B$6),"",ROUND(MAX(0,Smooth!B10*Controls!B$17*INDEX(Controls!$B$21:$H$21,1,WEEKDAY($A10,2))*(1+Controls!$B$11)^8*(1+Controls!G$25*Smooth!$L10)*(1+Controls!G$26*Smooth!$M10)*(1+Controls!G$27*Smooth!$N10)*(1+Controls!G$28*Smooth!$O10)),2))} -> 53.16 | C10: {=IF(OR($A10="",2>Controls!$B$6),"",ROUND(MAX(0,Smooth!C10*Controls!C$17*INDEX(Controls!$B$21:$H$21,1,WEEKDAY($A10,2))*(1+Controls!$B$11)^8*(1+Controls!H$25*Smooth!$L10)*(1+Controls!H$26*Smooth!$M10)*(1+Controls!H$27*Smooth!$N10)*(1+Controls!H$28*Smooth!$O10)),2))} -> 47.18 | D10: {=IF(OR($A10="",3>Controls!$B$6),"",ROUND(MAX(0,Smooth!D10*Controls!D$17*INDEX(Controls!$B$21:$H$21,1,WEEKDAY($A10,2))*(1+Controls!$B$11)^8*(1+Controls!I$25*Smooth!$L10)*(1+Controls!I$26*Smooth!$M10)*(1+Controls!I$27*Smooth!$N10)*(1+Controls!I$28*Smooth!$O10)),2))} -> 63.03 | E10: {=IF(OR($A10="",4>Controls!$B$6),"",ROUND(MAX(0,Smooth!E10*Controls!E$17*INDEX(Controls!$B$21:$H$21,1,WEEKDAY($A10,2))*(1+Controls!$B$11)^8*(1+Controls!J$25*Smooth!$L10)*(1+Controls!J$26*Smooth!$M10)*(1+Controls!J$27*Smooth!$N10)*(1+Controls!J$28*Smooth!$O10)),2))} | F10: {=IF(OR($A10="",5>Controls!$B$6),"",ROUND(MAX(0,Smooth!F10*Controls!F$17*INDEX(Controls!$B$21:$H$21,1,WEEKDAY($A10,2))*(1+Controls!$B$11)^8*(1+Controls!K$25*Smooth!$L10)*(1+Controls!K$26*Smooth!$M10)*(1+Controls!K$27*Smooth!$N10)*(1+Controls!K$28*Smooth!$O10)),2))} | G10: {=IF(OR($A10="",6>Controls!$B$6),"",ROUND(MAX(0,Smooth!G10*Controls!G$17*INDEX(Controls!$B$21:$H$21,1,WEEKDAY($A10,2))*(1+Controls!$B$11)^8*(1+Controls!L$25*Smooth!$L10)*(1+Controls!L$26*Smooth!$M10)*(1+Controls!L$27*Smooth!$N10)*(1+Controls!L$28*Smooth!$O10)),2))} | H10: {=IF(OR($A10="",7>Controls!$B$6),"",ROUND(MAX(0,Smooth!H10*Controls!H$17*INDEX(Controls!$B$21:$H$21,1,WEEKDAY($A10,2))*(1+Controls!$B$11)^8*(1+Controls!M$25*Smooth!$L10)*(1+Controls!M$26*Smooth!$M10)*(1+Controls!M$27*Smooth!$N10)*(1+Controls!M$28*Smooth!$O10)),2))} | I10: {=IF(OR($A10="",8>Controls!$B$6),"",ROUND(MAX(0,Smooth!I10*Controls!I$17*INDEX(Controls!$B$21:$H$21,1,WEEKDAY($A10,2))*(1+Controls!$B$11)^8*(1+Controls!N$25*Smooth!$L10)*(1+Controls!N$26*Smooth!$M10)*(1+Controls!N$27*Smooth!$N10)*(1+Controls!N$28*Smooth!$O10)),2))} | J10: {=IF(OR($A10="",9>Controls!$B$6),"",ROUND(MAX(0,Smooth!J10*Controls!J$17*INDEX(Controls!$B$21:$H$21,1,WEEKDAY($A10,2))*(1+Controls!$B$11)^8*(1+Controls!O$25*Smooth!$L10)*(1+Controls!O$26*Smooth!$M10)*(1+Controls!O$27*Smooth!$N10)*(1+Controls!O$28*Smooth!$O10)),2))} | K10: {=IF(OR($A10="",10>Controls!$B$6),"",ROUND(MAX(0,Smooth!K10*Controls!K$17*INDEX(Controls!$B$21:$H$21,1,WEEKDAY($A10,2))*(1+Controls!$B$11)^8*(1+Controls!P$25*Smooth!$L10)*(1+Controls!P$26*Smooth!$M10)*(1+Controls!P$27*Smooth!$N10)*(1+Controls!P$28*Smooth!$O10)),2))} | L10: =IF(A10="","",SUM(B10:K10)) -> 163.37
A11: =IF(10<=Controls!$B$5,Controls!$B$4+9,"") -> 73000 | B11: {=IF(OR($A11="",1>Controls!$B$6),"",ROUND(MAX(0,Smooth!B11*Controls!B$17*INDEX(Controls!$B$21:$H$21,1,WEEKDAY($A11,2))*(1+Controls!$B$11)^9*(1+Controls!G$25*Smooth!$L11)*(1+Controls!G$26*Smooth!$M11)*(1+Controls!G$27*Smooth!$N11)*(1+Controls!G$28*Smooth!$O11)),2))} -> 53.97 | C11: {=IF(OR($A11="",2>Controls!$B$6),"",ROUND(MAX(0,Smooth!C11*Controls!C$17*INDEX(Controls!$B$21:$H$21,1,WEEKDAY($A11,2))*(1+Controls!$B$11)^9*(1+Controls!H$25*Smooth!$L11)*(1+Controls!H$26*Smooth!$M11)*(1+Controls!H$27*Smooth!$N11)*(1+Controls!H$28*Smooth!$O11)),2))} -> 50.03 | D11: {=IF(OR($A11="",3>Controls!$B$6),"",ROUND(MAX(0,Smooth!D11*Controls!D$17*INDEX(Controls!$B$21:$H$21,1,WEEKDAY($A11,2))*(1+Controls!$B$11)^9*(1+Controls!I$25*Smooth!$L11)*(1+Controls!I$26*Smooth!$M11)*(1+Controls!I$27*Smooth!$N11)*(1+Controls!I$28*Smooth!$O11)),2))} -> 61.42 | E11: {=IF(OR($A11="",4>Controls!$B$6),"",ROUND(MAX(0,Smooth!E11*Controls!E$17*INDEX(Controls!$B$21:$H$21,1,WEEKDAY($A11,2))*(1+Controls!$B$11)^9*(1+Controls!J$25*Smooth!$L11)*(1+Controls!J$26*Smooth!$M11)*(1+Controls!J$27*Smooth!$N11)*(1+Controls!J$28*Smooth!$O11)),2))} | F11: {=IF(OR($A11="",5>Controls!$B$6),"",ROUND(MAX(0,Smooth!F11*Controls!F$17*INDEX(Controls!$B$21:$H$21,1,WEEKDAY($A11,2))*(1+Controls!$B$11)^9*(1+Controls!K$25*Smooth!$L11)*(1+Controls!K$26*Smooth!$M11)*(1+Controls!K$27*Smooth!$N11)*(1+Controls!K$28*Smooth!$O11)),2))} | G11: {=IF(OR($A11="",6>Controls!$B$6),"",ROUND(MAX(0,Smooth!G11*Controls!G$17*INDEX(Controls!$B$21:$H$21,1,WEEKDAY($A11,2))*(1+Controls!$B$11)^9*(1+Controls!L$25*Smooth!$L11)*(1+Controls!L$26*Smooth!$M11)*(1+Controls!L$27*Smooth!$N11)*(1+Controls!L$28*Smooth!$O11)),2))} | H11: {=IF(OR($A11="",7>Controls!$B$6),"",ROUND(MAX(0,Smooth!H11*Controls!H$17*INDEX(Controls!$B$21:$H$21,1,WEEKDAY($A11,2))*(1+Controls!$B$11)^9*(1+Controls!M$25*Smooth!$L11)*(1+Controls!M$26*Smooth!$M11)*(1+Controls!M$27*Smooth!$N11)*(1+Controls!M$28*Smooth!$O11)),2))} | I11: {=IF(OR($A11="",8>Controls!$B$6),"",ROUND(MAX(0,Smooth!I11*Controls!I$17*INDEX(Controls!$B$21:$H$21,1,WEEKDAY($A11,2))*(1+Controls!$B$11)^9*(1+Controls!N$25*Smooth!$L11)*(1+Controls!N$26*Smooth!$M11)*(1+Controls!N$27*Smooth!$N11)*(1+Controls!N$28*Smooth!$O11)),2))} | J11: {=IF(OR($A11="",9>Controls!$B$6),"",ROUND(MAX(0,Smooth!J11*Controls!J$17*INDEX(Controls!$B$21:$H$21,1,WEEKDAY($A11,2))*(1+Controls!$B$11)^9*(1+Controls!O$25*Smooth!$L11)*(1+Controls!O$26*Smooth!$M11)*(1+Controls!O$27*Smooth!$N11)*(1+Controls!O$28*Smooth!$O11)),2))} | K11: {=IF(OR($A11="",10>Controls!$B$6),"",ROUND(MAX(0,Smooth!K11*Controls!K$17*INDEX(Controls!$B$21:$H$21,1,WEEKDAY($A11,2))*(1+Controls!$B$11)^9*(1+Controls!P$25*Smooth!$L11)*(1+Controls!P$26*Smooth!$M11)*(1+Controls!P$27*Smooth!$N11)*(1+Controls!P$28*Smooth!$O11)),2))} | L11: =IF(A11="","",SUM(B11:K11)) -> 165.42
A12: =IF(11<=Controls!$B$5,Controls!$B$4+10,"") -> 73001 | B12: {=IF(OR($A12="",1>Controls!$B$6),"",ROUND(MAX(0,Smooth!B12*Controls!B$17*INDEX(Controls!$B$21:$H$21,1,WEEKDAY($A12,2))*(1+Controls!$B$11)^10*(1+Controls!G$25*Smooth!$L12)*(1+Controls!G$26*Smooth!$M12)*(1+Controls!G$27*Smooth!$N12)*(1+Controls!G$28*Smooth!$O12)),2))} -> 45.39 | C12: {=IF(OR($A12="",2>Controls!$B$6),"",ROUND(MAX(0,Smooth!C12*Controls!C$17*INDEX(Controls!$B$21:$H$21,1,WEEKDAY($A12,2))*(1+Controls!$B$11)^10*(1+Controls!H$25*Smooth!$L12)*(1+Controls!H$26*Smooth!$M12)*(1+Controls!H$27*Smooth!$N12)*(1+Controls!H$28*Smooth!$O12)),2))} -> 41.45 | D12: {=IF(OR($A12="",3>Controls!$B$6),"",ROUND(MAX(0,Smooth!D12*Controls!D$17*INDEX(Controls!$B$21:$H$21,1,WEEKDAY($A12,2))*(1+Controls!$B$11)^10*(1+Controls!I$25*Smooth!$L12)*(1+Controls!I$26*Smooth!$M12)*(1+Controls!I$27*Smooth!$N12)*(1+Controls!I$28*Smooth!$O12)),2))} -> 56.39 | E12: {=IF(OR($A12="",4>Controls!$B$6),"",ROUND(MAX(0,Smooth!E12*Controls!E$17*INDEX(Controls!$B$21:$H$21,1,WEEKDAY($A12,2))*(1+Controls!$B$11)^10*(1+Controls!J$25*Smooth!$L12)*(1+Controls!J$26*Smooth!$M12)*(1+Controls!J$27*Smooth!$N12)*(1+Controls!J$28*Smooth!$O12)),2))} | F12: {=IF(OR($A12="",5>Controls!$B$6),"",ROUND(MAX(0,Smooth!F12*Controls!F$17*INDEX(Controls!$B$21:$H$21,1,WEEKDAY($A12,2))*(1+Controls!$B$11)^10*(1+Controls!K$25*Smooth!$L12)*(1+Controls!K$26*Smooth!$M12)*(1+Controls!K$27*Smooth!$N12)*(1+Controls!K$28*Smooth!$O12)),2))} | G12: {=IF(OR($A12="",6>Controls!$B$6),"",ROUND(MAX(0,Smooth!G12*Controls!G$17*INDEX(Controls!$B$21:$H$21,1,WEEKDAY($A12,2))*(1+Controls!$B$11)^10*(1+Controls!L$25*Smooth!$L12)*(1+Controls!L$26*Smooth!$M12)*(1+Controls!L$27*Smooth!$N12)*(1+Controls!L$28*Smooth!$O12)),2))} | H12: {=IF(OR($A12="",7>Controls!$B$6),"",ROUND(MAX(0,Smooth!H12*Controls!H$17*INDEX(Controls!$B$21:$H$21,1,WEEKDAY($A12,2))*(1+Controls!$B$11)^10*(1+Controls!M$25*Smooth!$L12)*(1+Controls!M$26*Smooth!$M12)*(1+Controls!M$27*Smooth!$N12)*(1+Controls!M$28*Smooth!$O12)),2))} | I12: {=IF(OR($A12="",8>Controls!$B$6),"",ROUND(MAX(0,Smooth!I12*Controls!I$17*INDEX(Controls!$B$21:$H$21,1,WEEKDAY($A12,2))*(1+Controls!$B$11)^10*(1+Controls!N$25*Smooth!$L12)*(1+Controls!N$26*Smooth!$M12)*(1+Controls!N$27*Smooth!$N12)*(1+Controls!N$28*Smooth!$O12)),2))} | J12: {=IF(OR($A12="",9>Controls!$B$6),"",ROUND(MAX(0,Smooth!J12*Controls!J$17*INDEX(Controls!$B$21:$H$21,1,WEEKDAY($A12,2))*(1+Controls!$B$11)^10*(1+Controls!O$25*Smooth!$L12)*(1+Controls!O$26*Smooth!$M12)*(1+Controls!O$27*Smooth!$N12)*(1+Controls!O$28*Smooth!$O12)),2))} | K12: {=IF(OR($A12="",10>Controls!$B$6),"",ROUND(MAX(0,Smooth!K12*Controls!K$17*INDEX(Controls!$B$21:$H$21,1,WEEKDAY($A12,2))*(1+Controls!$B$11)^10*(1+Controls!P$25*Smooth!$L12)*(1+Controls!P$26*Smooth!$M12)*(1+Controls!P$27*Smooth!$N12)*(1+Controls!P$28*Smooth!$O12)),2))} | L12: =IF(A12="","",SUM(B12:K12)) -> 143.23
A13: =IF(12<=Controls!$B$5,Controls!$B$4+11,"") -> 73002 | B13: {=IF(OR($A13="",1>Controls!$B$6),"",ROUND(MAX(0,Smooth!B13*Controls!B$17*INDEX(Controls!$B$21:$H$21,1,WEEKDAY($A13,2))*(1+Controls!$B$11)^11*(1+Controls!G$25*Smooth!$L13)*(1+Controls!G$26*Smooth!$M13)*(1+Controls!G$27*Smooth!$N13)*(1+Controls!G$28*Smooth!$O13)),2))} -> 36.32 | C13: {=IF(OR($A13="",2>Controls!$B$6),"",ROUND(MAX(0,Smooth!C13*Controls!C$17*INDEX(Controls!$B$21:$H$21,1,WEEKDAY($A13,2))*(1+Controls!$B$11)^11*(1+Controls!H$25*Smooth!$L13)*(1+Controls!H$26*Smooth!$M13)*(1+Controls!H$27*Smooth!$N13)*(1+Controls!H$28*Smooth!$O13)),2))} -> 35.82 | D13: {=IF(OR($A13="",3>Controls!$B$6),"",ROUND(MAX(0,Smooth!D13*Controls!D$17*INDEX(Controls!$B$21:$H$21,1,WEEKDAY($A13,2))*(1+Controls!$B$11)^11*(1+Controls!I$25*Smooth!$L13)*(1+Controls!I$26*Smooth!$M13)*(1+Controls!I$27*Smooth!$N13)*(1+Controls!I$28*Smooth!$O13)),2))} -> 38.95 | E13: {=IF(OR($A13="",4>Controls!$B$6),"",ROUND(MAX(0,Smooth!E13*Controls!E$17*INDEX(Controls!$B$21:$H$21,1,WEEKDAY($A13,2))*(1+Controls!$B$11)^11*(1+Controls!J$25*Smooth!$L13)*(1+Controls!J$26*Smooth!$M13)*(1+Controls!J$27*Smooth!$N13)*(1+Controls!J$28*Smooth!$O13)),2))} | F13: {=IF(OR($A13="",5>Controls!$B$6),"",ROUND(MAX(0,Smooth!F13*Controls!F$17*INDEX(Controls!$B$21:$H$21,1,WEEKDAY($A13,2))*(1+Controls!$B$11)^11*(1+Controls!K$25*Smooth!$L13)*(1+Controls!K$26*Smooth!$M13)*(1+Controls!K$27*Smooth!$N13)*(1+Controls!K$28*Smooth!$O13)),2))} | G13: {=IF(OR($A13="",6>Controls!$B$6),"",ROUND(MAX(0,Smooth!G13*Controls!G$17*INDEX(Controls!$B$21:$H$21,1,WEEKDAY($A13,2))*(1+Controls!$B$11)^11*(1+Controls!L$25*Smooth!$L13)*(1+Controls!L$26*Smooth!$M13)*(1+Controls!L$27*Smooth!$N13)*(1+Controls!L$28*Smooth!$O13)),2))} | H13: {=IF(OR($A13="",7>Controls!$B$6),"",ROUND(MAX(0,Smooth!H13*Controls!H$17*INDEX(Controls!$B$21:$H$21,1,WEEKDAY($A13,2))*(1+Controls!$B$11)^11*(1+Controls!M$25*Smooth!$L13)*(1+Controls!M$26*Smooth!$M13)*(1+Controls!M$27*Smooth!$N13)*(1+Controls!M$28*Smooth!$O13)),2))} | I13: {=IF(OR($A13="",8>Controls!$B$6),"",ROUND(MAX(0,Smooth!I13*Controls!I$17*INDEX(Controls!$B$21:$H$21,1,WEEKDAY($A13,2))*(1+Controls!$B$11)^11*(1+Controls!N$25*Smooth!$L13)*(1+Controls!N$26*Smooth!$M13)*(1+Controls!N$27*Smooth!$N13)*(1+Controls!N$28*Smooth!$O13)),2))} | J13: {=IF(OR($A13="",9>Controls!$B$6),"",ROUND(MAX(0,Smooth!J13*Controls!J$17*INDEX(Controls!$B$21:$H$21,1,WEEKDAY($A13,2))*(1+Controls!$B$11)^11*(1+Controls!O$25*Smooth!$L13)*(1+Controls!O$26*Smooth!$M13)*(1+Controls!O$27*Smooth!$N13)*(1+Controls!O$28*Smooth!$O13)),2))} | K13: {=IF(OR($A13="",10>Controls!$B$6),"",ROUND(MAX(0,Smooth!K13*Controls!K$17*INDEX(Controls!$B$21:$H$21,1,WEEKDAY($A13,2))*(1+Controls!$B$11)^11*(1+Controls!P$25*Smooth!$L13)*(1+Controls!P$26*Smooth!$M13)*(1+Controls!P$27*Smooth!$N13)*(1+Controls!P$28*Smooth!$O13)),2))} | L13: =IF(A13="","",SUM(B13:K13)) -> 111.09
A14: =IF(13<=Controls!$B$5,Controls!$B$4+12,"") -> 73003 | B14: {=IF(OR($A14="",1>Controls!$B$6),"",ROUND(MAX(0,Smooth!B14*Controls!B$17*INDEX(Controls!$B$21:$H$21,1,WEEKDAY($A14,2))*(1+Controls!$B$11)^12*(1+Controls!G$25*Smooth!$L14)*(1+Controls!G$26*Smooth!$M14)*(1+Controls!G$27*Smooth!$N14)*(1+Controls!G$28*Smooth!$O14)),2))} -> 20.78 | C14: {=IF(OR($A14="",2>Controls!$B$6),"",ROUND(MAX(0,Smooth!C14*Controls!C$17*INDEX(Controls!$B$21:$H$21,1,WEEKDAY($A14,2))*(1+Controls!$B$11)^12*(1+Controls!H$25*Smooth!$L14)*(1+Controls!H$26*Smooth!$M14)*(1+Controls!H$27*Smooth!$N14)*(1+Controls!H$28*Smooth!$O14)),2))} -> 24.98 | D14: {=IF(OR($A14="",3>Controls!$B$6),"",ROUND(MAX(0,Smooth!D14*Controls!D$17*INDEX(Controls!$B$21:$H$21,1,WEEKDAY($A14,2))*(1+Controls!$B$11)^12*(1+Controls!I$25*Smooth!$L14)*(1+Controls!I$26*Smooth!$M14)*(1+Controls!I$27*Smooth!$N14)*(1+Controls!I$28*Smooth!$O14)),2))} -> 11.86 | E14: {=IF(OR($A14="",4>Controls!$B$6),"",ROUND(MAX(0,Smooth!E14*Controls!E$17*INDEX(Controls!$B$21:$H$21,1,WEEKDAY($A14,2))*(1+Controls!$B$11)^12*(1+Controls!J$25*Smooth!$L14)*(1+Controls!J$26*Smooth!$M14)*(1+Controls!J$27*Smooth!$N14)*(1+Controls!J$28*Smooth!$O14)),2))} | F14: {=IF(OR($A14="",5>Controls!$B$6),"",ROUND(MAX(0,Smooth!F14*Controls!F$17*INDEX(Controls!$B$21:$H$21,1,WEEKDAY($A14,2))*(1+Controls!$B$11)^12*(1+Controls!K$25*Smooth!$L14)*(1+Controls!K$26*Smooth!$M14)*(1+Controls!K$27*Smooth!$N14)*(1+Controls!K$28*Smooth!$O14)),2))} | G14: {=IF(OR($A14="",6>Controls!$B$6),"",ROUND(MAX(0,Smooth!G14*Controls!G$17*INDEX(Controls!$B$21:$H$21,1,WEEKDAY($A14,2))*(1+Controls!$B$11)^12*(1+Controls!L$25*Smooth!$L14)*(1+Controls!L$26*Smooth!$M14)*(1+Controls!L$27*Smooth!$N14)*(1+Controls!L$28*Smooth!$O14)),2))} | H14: {=IF(OR($A14="",7>Controls!$B$6),"",ROUND(MAX(0,Smooth!H14*Controls!H$17*INDEX(Controls!$B$21:$H$21,1,WEEKDAY($A14,2))*(1+Controls!$B$11)^12*(1+Controls!M$25*Smooth!$L14)*(1+Controls!M$26*Smooth!$M14)*(1+Controls!M$27*Smooth!$N14)*(1+Controls!M$28*Smooth!$O14)),2))} | I14: {=IF(OR($A14="",8>Controls!$B$6),"",ROUND(MAX(0,Smooth!I14*Controls!I$17*INDEX(Controls!$B$21:$H$21,1,WEEKDAY($A14,2))*(1+Controls!$B$11)^12*(1+Controls!N$25*Smooth!$L14)*(1+Controls!N$26*Smooth!$M14)*(1+Controls!N$27*Smooth!$N14)*(1+Controls!N$28*Smooth!$O14)),2))} | J14: {=IF(OR($A14="",9>Controls!$B$6),"",ROUND(MAX(0,Smooth!J14*Controls!J$17*INDEX(Controls!$B$21:$H$21,1,WEEKDAY($A14,2))*(1+Controls!$B$11)^12*(1+Controls!O$25*Smooth!$L14)*(1+Controls!O$26*Smooth!$M14)*(1+Controls!O$27*Smooth!$N14)*(1+Controls!O$28*Smooth!$O14)),2))} | K14: {=IF(OR($A14="",10>Controls!$B$6),"",ROUND(MAX(0,Smooth!K14*Controls!K$17*INDEX(Controls!$B$21:$H$21,1,WEEKDAY($A14,2))*(1+Controls!$B$11)^12*(1+Controls!P$25*Smooth!$L14)*(1+Controls!P$26*Smooth!$M14)*(1+Controls!P$27*Smooth!$N14)*(1+Controls!P$28*Smooth!$O14)),2))} | L14: =IF(A14="","",SUM(B14:K14)) -> 57.62
A15: =IF(14<=Controls!$B$5,Controls!$B$4+13,"") -> 73004 | B15: {=IF(OR($A15="",1>Controls!$B$6),"",ROUND(MAX(0,Smooth!B15*Controls!B$17*INDEX(Controls!$B$21:$H$21,1,WEEKDAY($A15,2))*(1+Controls!$B$11)^13*(1+Controls!G$25*Smooth!$L15)*(1+Controls!G$26*Smooth!$M15)*(1+Controls!G$27*Smooth!$N15)*(1+Controls!G$28*Smooth!$O15)),2))} -> 4.34 | C15: {=IF(OR($A15="",2>Controls!$B$6),"",ROUND(MAX(0,Smooth!C15*Controls!C$17*INDEX(Controls!$B$21:$H$21,1,WEEKDAY($A15,2))*(1+Controls!$B$11)^13*(1+Controls!H$25*Smooth!$L15)*(1+Controls!H$26*Smooth!$M15)*(1+Controls!H$27*Smooth!$N15)*(1+Controls!H$28*Smooth!$O15)),2))} -> 4.42 | D15: {=IF(OR($A15="",3>Controls!$B$6),"",ROUND(MAX(0,Smooth!D15*Controls!D$17*INDEX(Controls!$B$21:$H$21,1,WEEKDAY($A15,2))*(1+Controls!$B$11)^13*(1+Controls!I$25*Smooth!$L15)*(1+Controls!I$26*Smooth!$M15)*(1+Controls!I$27*Smooth!$N15)*(1+Controls!I$28*Smooth!$O15)),2))} -> 2.9 | E15: {=IF(OR($A15="",4>Controls!$B$6),"",ROUND(MAX(0,Smooth!E15*Controls!E$17*INDEX(Controls!$B$21:$H$21,1,WEEKDAY($A15,2))*(1+Controls!$B$11)^13*(1+Controls!J$25*Smooth!$L15)*(1+Controls!J$26*Smooth!$M15)*(1+Controls!J$27*Smooth!$N15)*(1+Controls!J$28*Smooth!$O15)),2))} | F15: {=IF(OR($A15="",5>Controls!$B$6),"",ROUND(MAX(0,Smooth!F15*Controls!F$17*INDEX(Controls!$B$21:$H$21,1,WEEKDAY($A15,2))*(1+Controls!$B$11)^13*(1+Controls!K$25*Smooth!$L15)*(1+Controls!K$26*Smooth!$M15)*(1+Controls!K$27*Smooth!$N15)*(1+Controls!K$28*Smooth!$O15)),2))} | G15: {=IF(OR($A15="",6>Controls!$B$6),"",ROUND(MAX(0,Smooth!G15*Controls!G$17*INDEX(Controls!$B$21:$H$21,1,WEEKDAY($A15,2))*(1+Controls!$B$11)^13*(1+Controls!L$25*Smooth!$L15)*(1+Controls!L$26*Smooth!$M15)*(1+Controls!L$27*Smooth!$N15)*(1+Controls!L$28*Smooth!$O15)),2))} | H15: {=IF(OR($A15="",7>Controls!$B$6),"",ROUND(MAX(0,Smooth!H15*Controls!H$17*INDEX(Controls!$B$21:$H$21,1,WEEKDAY($A15,2))*(1+Controls!$B$11)^13*(1+Controls!M$25*Smooth!$L15)*(1+Controls!M$26*Smooth!$M15)*(1+Controls!M$27*Smooth!$N15)*(1+Controls!M$28*Smooth!$O15)),2))} | I15: {=IF(OR($A15="",8>Controls!$B$6),"",ROUND(MAX(0,Smooth!I15*Controls!I$17*INDEX(Controls!$B$21:$H$21,1,WEEKDAY($A15,2))*(1+Controls!$B$11)^13*(1+Controls!N$25*Smooth!$L15)*(1+Controls!N$26*Smooth!$M15)*(1+Controls!N$27*Smooth!$N15)*(1+Controls!N$28*Smooth!$O15)),2))} | J15: {=IF(OR($A15="",9>Controls!$B$6),"",ROUND(MAX(0,Smooth!J15*Controls!J$17*INDEX(Controls!$B$21:$H$21,1,WEEKDAY($A15,2))*(1+Controls!$B$11)^13*(1+Controls!O$25*Smooth!$L15)*(1+Controls!O$26*Smooth!$M15)*(1+Controls!O$27*Smooth!$N15)*(1+Controls!O$28*Smooth!$O15)),2))} | K15: {=IF(OR($A15="",10>Controls!$B$6),"",ROUND(MAX(0,Smooth!K15*Controls!K$17*INDEX(Controls!$B$21:$H$21,1,WEEKDAY($A15,2))*(1+Controls!$B$11)^13*(1+Controls!P$25*Smooth!$L15)*(1+Controls!P$26*Smooth!$M15)*(1+Controls!P$27*Smooth!$N15)*(1+Controls!P$28*Smooth!$O15)),2))} | L15: =IF(A15="","",SUM(B15:K15)) -> 11.66
A16: =IF(15<=Controls!$B$5,Controls!$B$4+14,"") -> 73005 | B16: {=IF(OR($A16="",1>Controls!$B$6),"",ROUND(MAX(0,Smooth!B16*Controls!B$17*INDEX(Controls!$B$21:$H$21,1,WEEKDAY($A16,2))*(1+Controls!$B$11)^14*(1+Controls!G$25*Smooth!$L16)*(1+Controls!G$26*Smooth!$M16)*(1+Controls!G$27*Smooth!$N16)*(1+Controls!G$28*Smooth!$O16)),2))} -> 36.94 | C16: {=IF(OR($A16="",2>Controls!$B$6),"",ROUND(MAX(0,Smooth!C16*Controls!C$17*INDEX(Controls!$B$21:$H$21,1,WEEKDAY($A16,2))*(1+Controls!$B$11)^14*(1+Controls!H$25*Smooth!$L16)*(1+Controls!H$26*Smooth!$M16)*(1+Controls!H$27*Smooth!$N16)*(1+Controls!H$28*Smooth!$O16)),2))} -> 35.77 | D16: {=IF(OR($A16="",3>Controls!$B$6),"",ROUND(MAX(0,Smooth!D16*Controls!D$17*INDEX(Controls!$B$21:$H$21,1,WEEKDAY($A16,2))*(1+Controls!$B$11)^14*(1+Controls!I$25*Smooth!$L16)*(1+Controls!I$26*Smooth!$M16)*(1+Controls!I$27*Smooth!$N16)*(1+Controls!I$28*Smooth!$O16)),2))} -> 30.76 | E16: {=IF(OR($A16="",4>Controls!$B$6),"",ROUND(MAX(0,Smooth!E16*Controls!E$17*INDEX(Controls!$B$21:$H$21,1,WEEKDAY($A16,2))*(1+Controls!$B$11)^14*(1+Controls!J$25*Smooth!$L16)*(1+Controls!J$26*Smooth!$M16)*(1+Controls!J$27*Smooth!$N16)*(1+Controls!J$28*Smooth!$O16)),2))} | F16: {=IF(OR($A16="",5>Controls!$B$6),"",ROUND(MAX(0,Smooth!F16*Controls!F$17*INDEX(Controls!$B$21:$H$21,1,WEEKDAY($A16,2))*(1+Controls!$B$11)^14*(1+Controls!K$25*Smooth!$L16)*(1+Controls!K$26*Smooth!$M16)*(1+Controls!K$27*Smooth!$N16)*(1+Controls!K$28*Smooth!$O16)),2))} | G16: {=IF(OR($A16="",6>Controls!$B$6),"",ROUND(MAX(0,Smooth!G16*Controls!G$17*INDEX(Controls!$B$21:$H$21,1,WEEKDAY($A16,2))*(1+Controls!$B$11)^14*(1+Controls!L$25*Smooth!$L16)*(1+Controls!L$26*Smooth!$M16)*(1+Controls!L$27*Smooth!$N16)*(1+Controls!L$28*Smooth!$O16)),2))} | H16: {=IF(OR($A16="",7>Controls!$B$6),"",ROUND(MAX(0,Smooth!H16*Controls!H$17*INDEX(Controls!$B$21:$H$21,1,WEEKDAY($A16,2))*(1+Controls!$B$11)^14*(1+Controls!M$25*Smooth!$L16)*(1+Controls!M$26*Smooth!$M16)*(1+Controls!M$27*Smooth!$N16)*(1+Controls!M$28*Smooth!$O16)),2))} | I16: {=IF(OR($A16="",8>Controls!$B$6),"",ROUND(MAX(0,Smooth!I16*Controls!I$17*INDEX(Controls!$B$21:$H$21,1,WEEKDAY($A16,2))*(1+Controls!$B$11)^14*(1+Controls!N$25*Smooth!$L16)*(1+Controls!N$26*Smooth!$M16)*(1+Controls!N$27*Smooth!$N16)*(1+Controls!N$28*Smooth!$O16)),2))} | J16: {=IF(OR($A16="",9>Controls!$B$6),"",ROUND(MAX(0,Smooth!J16*Controls!J$17*INDEX(Controls!$B$21:$H$21,1,WEEKDAY($A16,2))*(1+Controls!$B$11)^14*(1+Controls!O$25*Smooth!$L16)*(1+Controls!O$26*Smooth!$M16)*(1+Controls!O$27*Smooth!$N16)*(1+Controls!O$28*Smooth!$O16)),2))} | K16: {=IF(OR($A16="",10>Controls!$B$6),"",ROUND(MAX(0,Smooth!K16*Controls!K$17*INDEX(Controls!$B$21:$H$21,1,WEEKDAY($A16,2))*(1+Controls!$B$11)^14*(1+Controls!P$25*Smooth!$L16)*(1+Controls!P$26*Smooth!$M16)*(1+Controls!P$27*Smooth!$N16)*(1+Controls!P$28*Smooth!$O16)),2))} | L16: =IF(A16="","",SUM(B16:K16)) -> 103.47
A17: =IF(16<=Controls!$B$5,Controls!$B$4+15,"") -> 73006 | B17: {=IF(OR($A17="",1>Controls!$B$6),"",ROUND(MAX(0,Smooth!B17*Controls!B$17*INDEX(Controls!$B$21:$H$21,1,WEEKDAY($A17,2))*(1+Controls!$B$11)^15*(1+Controls!G$25*Smooth!$L17)*(1+Controls!G$26*Smooth!$M17)*(1+Controls!G$27*Smooth!$N17)*(1+Controls!G$28*Smooth!$O17)),2))} -> 37.25 | C17: {=IF(OR($A17="",2>Controls!$B$6),"",ROUND(MAX(0,Smooth!C17*Controls!C$17*INDEX(Controls!$B$21:$H$21,1,WEEKDAY($A17,2))*(1+Controls!$B$11)^15*(1+Controls!H$25*Smooth!$L17)*(1+Controls!H$26*Smooth!$M17)*(1+Controls!H$27*Smooth!$N17)*(1+Controls!H$28*Smooth!$O17)),2))} -> 52.08 | D17: {=IF(OR($A17="",3>Controls!$B$6),"",ROUND(MAX(0,Smooth!D17*Controls!D$17*INDEX(Controls!$B$21:$H$21,1,WEEKDAY($A17,2))*(1+Controls!$B$11)^15*(1+Controls!I$25*Smooth!$L17)*(1+Controls!I$26*Smooth!$M17)*(1+Controls!I$27*Smooth!$N17)*(1+Controls!I$28*Smooth!$O17)),2))} -> 51.82 | E17: {=IF(OR($A17="",4>Controls!$B$6),"",ROUND(MAX(0,Smooth!E17*Controls!E$17*INDEX(Controls!$B$21:$H$21,1,WEEKDAY($A17,2))*(1+Controls!$B$11)^15*(1+Controls!J$25*Smooth!$L17)*(1+Controls!J$26*Smooth!$M17)*(1+Controls!J$27*Smooth!$N17)*(1+Controls!J$28*Smooth!$O17)),2))} | F17: {=IF(OR($A17="",5>Controls!$B$6),"",ROUND(MAX(0,Smooth!F17*Controls!F$17*INDEX(Controls!$B$21:$H$21,1,WEEKDAY($A17,2))*(1+Controls!$B$11)^15*(1+Controls!K$25*Smooth!$L17)*(1+Controls!K$26*Smooth!$M17)*(1+Controls!K$27*Smooth!$N17)*(1+Controls!K$28*Smooth!$O17)),2))} | G17: {=IF(OR($A17="",6>Controls!$B$6),"",ROUND(MAX(0,Smooth!G17*Controls!G$17*INDEX(Controls!$B$21:$H$21,1,WEEKDAY($A17,2))*(1+Controls!$B$11)^15*(1+Controls!L$25*Smooth!$L17)*(1+Controls!L$26*Smooth!$M17)*(1+Controls!L$27*Smooth!$N17)*(1+Controls!L$28*Smooth!$O17)),2))} | H17: {=IF(OR($A17="",7>Controls!$B$6),"",ROUND(MAX(0,Smooth!H17*Controls!H$17*INDEX(Controls!$B$21:$H$21,1,WEEKDAY($A17,2))*(1+Controls!$B$11)^15*(1+Controls!M$25*Smooth!$L17)*(1+Controls!M$26*Smooth!$M17)*(1+Controls!M$27*Smooth!$N17)*(1+Controls!M$28*Smooth!$O17)),2))} | I17: {=IF(OR($A17="",8>Controls!$B$6),"",ROUND(MAX(0,Smooth!I17*Controls!I$17*INDEX(Controls!$B$21:$H$21,1,WEEKDAY($A17,2))*(1+Controls!$B$11)^15*(1+Controls!N$25*Smooth!$L17)*(1+Controls!N$26*Smooth!$M17)*(1+Controls!N$27*Smooth!$N17)*(1+Controls!N$28*Smooth!$O17)),2))} | J17: {=IF(OR($A17="",9>Controls!$B$6),"",ROUND(MAX(0,Smooth!J17*Controls!J$17*INDEX(Controls!$B$21:$H$21,1,WEEKDAY($A17,2))*(1+Controls!$B$11)^15*(1+Controls!O$25*Smooth!$L17)*(1+Controls!O$26*Smooth!$M17)*(1+Controls!O$27*Smooth!$N17)*(1+Controls!O$28*Smooth!$O17)),2))} | K17: {=IF(OR($A17="",10>Controls!$B$6),"",ROUND(MAX(0,Smooth!K17*Controls!K$17*INDEX(Controls!$B$21:$H$21,1,WEEKDAY($A17,2))*(1+Controls!$B$11)^15*(1+Controls!P$25*Smooth!$L17)*(1+Controls!P$26*Smooth!$M17)*(1+Controls!P$27*Smooth!$N17)*(1+Controls!P$28*Smooth!$O17)),2))} | L17: =IF(A17="","",SUM(B17:K17)) -> 141.15
A18: =IF(17<=Controls!$B$5,Controls!$B$4+16,"") -> 73007 | B18: {=IF(OR($A18="",1>Controls!$B$6),"",ROUND(MAX(0,Smooth!B18*Controls!B$17*INDEX(Controls!$B$21:$H$21,1,WEEKDAY($A18,2))*(1+Controls!$B$11)^16*(1+Controls!G$25*Smooth!$L18)*(1+Controls!G$26*Smooth!$M18)*(1+Controls!G$27*Smooth!$N18)*(1+Controls!G$28*Smooth!$O18)),2))} -> 43.15 | C18: {=IF(OR($A18="",2>Controls!$B$6),"",ROUND(MAX(0,Smooth!C18*Controls!C$17*INDEX(Controls!$B$21:$H$21,1,WEEKDAY($A18,2))*(1+Controls!$B$11)^16*(1+Controls!H$25*Smooth!$L18)*(1+Controls!H$26*Smooth!$M18)*(1+Controls!H$27*Smooth!$N18)*(1+Controls!H$28*Smooth!$O18)),2))} -> 57.7 | D18: {=IF(OR($A18="",3>Controls!$B$6),"",ROUND(MAX(0,Smooth!D18*Controls!D$17*INDEX(Controls!$B$21:$H$21,1,WEEKDAY($A18,2))*(1+Controls!$B$11)^16*(1+Controls!I$25*Smooth!$L18)*(1+Controls!I$26*Smooth!$M18)*(1+Controls!I$27*Smooth!$N18)*(1+Controls!I$28*Smooth!$O18)),2))} -> 51.17 | E18: {=IF(OR($A18="",4>Controls!$B$6),"",ROUND(MAX(0,Smooth!E18*Controls!E$17*INDEX(Controls!$B$21:$H$21,1,WEEKDAY($A18,2))*(1+Controls!$B$11)^16*(1+Controls!J$25*Smooth!$L18)*(1+Controls!J$26*Smooth!$M18)*(1+Controls!J$27*Smooth!$N18)*(1+Controls!J$28*Smooth!$O18)),2))} | F18: {=IF(OR($A18="",5>Controls!$B$6),"",ROUND(MAX(0,Smooth!F18*Controls!F$17*INDEX(Controls!$B$21:$H$21,1,WEEKDAY($A18,2))*(1+Controls!$B$11)^16*(1+Controls!K$25*Smooth!$L18)*(1+Controls!K$26*Smooth!$M18)*(1+Controls!K$27*Smooth!$N18)*(1+Controls!K$28*Smooth!$O18)),2))} | G18: {=IF(OR($A18="",6>Controls!$B$6),"",ROUND(MAX(0,Smooth!G18*Controls!G$17*INDEX(Controls!$B$21:$H$21,1,WEEKDAY($A18,2))*(1+Controls!$B$11)^16*(1+Controls!L$25*Smooth!$L18)*(1+Controls!L$26*Smooth!$M18)*(1+Controls!L$27*Smooth!$N18)*(1+Controls!L$28*Smooth!$O18)),2))} | H18: {=IF(OR($A18="",7>Controls!$B$6),"",ROUND(MAX(0,Smooth!H18*Controls!H$17*INDEX(Controls!$B$21:$H$21,1,WEEKDAY($A18,2))*(1+Controls!$B$11)^16*(1+Controls!M$25*Smooth!$L18)*(1+Controls!M$26*Smooth!$M18)*(1+Controls!M$27*Smooth!$N18)*(1+Controls!M$28*Smooth!$O18)),2))} | I18: {=IF(OR($A18="",8>Controls!$B$6),"",ROUND(MAX(0,Smooth!I18*Controls!I$17*INDEX(Controls!$B$21:$H$21,1,WEEKDAY($A18,2))*(1+Controls!$B$11)^16*(1+Controls!N$25*Smooth!$L18)*(1+Controls!N$26*Smooth!$M18)*(1+Controls!N$27*Smooth!$N18)*(1+Controls!N$28*Smooth!$O18)),2))} | J18: {=IF(OR($A18="",9>Controls!$B$6),"",ROUND(MAX(0,Smooth!J18*Controls!J$17*INDEX(Controls!$B$21:$H$21,1,WEEKDAY($A18,2))*(1+Controls!$B$11)^16*(1+Controls!O$25*Smooth!$L18)*(1+Controls!O$26*Smooth!$M18)*(1+Controls!O$27*Smooth!$N18)*(1+Controls!O$28*Smooth!$O18)),2))} | K18: {=IF(OR($A18="",10>Controls!$B$6),"",ROUND(MAX(0,Smooth!K18*Controls!K$17*INDEX(Controls!$B$21:$H$21,1,WEEKDAY($A18,2))*(1+Controls!$B$11)^16*(1+Controls!P$25*Smooth!$L18)*(1+Controls!P$26*Smooth!$M18)*(1+Controls!P$27*Smooth!$N18)*(1+Controls!P$28*Smooth!$O18)),2))} | L18: =IF(A18="","",SUM(B18:K18)) -> 152.02
A19: =IF(18<=Controls!$B$5,Controls!$B$4+17,"") -> 73008 | B19: {=IF(OR($A19="",1>Controls!$B$6),"",ROUND(MAX(0,Smooth!B19*Controls!B$17*INDEX(Controls!$B$21:$H$21,1,WEEKDAY($A19,2))*(1+Controls!$B$11)^17*(1+Controls!G$25*Smooth!$L19)*(1+Controls!G$26*Smooth!$M19)*(1+Controls!G$27*Smooth!$N19)*(1+Controls!G$28*Smooth!$O19)),2))} -> 54.09 | C19: {=IF(OR($A19="",2>Controls!$B$6),"",ROUND(MAX(0,Smooth!C19*Controls!C$17*INDEX(Controls!$B$21:$H$21,1,WEEKDAY($A19,2))*(1+Controls!$B$11)^17*(1+Controls!H$25*Smooth!$L19)*(1+Controls!H$26*Smooth!$M19)*(1+Controls!H$27*Smooth!$N19)*(1+Controls!H$28*Smooth!$O19)),2))} -> 45.45 | D19: {=IF(OR($A19="",3>Controls!$B$6),"",ROUND(MAX(0,Smooth!D19*Controls!D$17*INDEX(Controls!$B$21:$H$21,1,WEEKDAY($A19,2))*(1+Controls!$B$11)^17*(1+Controls!I$25*Smooth!$L19)*(1+Controls!I$26*Smooth!$M19)*(1+Controls!I$27*Smooth!$N19)*(1+Controls!I$28*Smooth!$O19)),2))} -> 56.28 | E19: {=IF(OR($A19="",4>Controls!$B$6),"",ROUND(MAX(0,Smooth!E19*Controls!E$17*INDEX(Controls!$B$21:$H$21,1,WEEKDAY($A19,2))*(1+Controls!$B$11)^17*(1+Controls!J$25*Smooth!$L19)*(1+Controls!J$26*Smooth!$M19)*(1+Controls!J$27*Smooth!$N19)*(1+Controls!J$28*Smooth!$O19)),2))} | F19: {=IF(OR($A19="",5>Controls!$B$6),"",ROUND(MAX(0,Smooth!F19*Controls!F$17*INDEX(Controls!$B$21:$H$21,1,WEEKDAY($A19,2))*(1+Controls!$B$11)^17*(1+Controls!K$25*Smooth!$L19)*(1+Controls!K$26*Smooth!$M19)*(1+Controls!K$27*Smooth!$N19)*(1+Controls!K$28*Smooth!$O19)),2))} | G19: {=IF(OR($A19="",6>Controls!$B$6),"",ROUND(MAX(0,Smooth!G19*Controls!G$17*INDEX(Controls!$B$21:$H$21,1,WEEKDAY($A19,2))*(1+Controls!$B$11)^17*(1+Controls!L$25*Smooth!$L19)*(1+Controls!L$26*Smooth!$M19)*(1+Controls!L$27*Smooth!$N19)*(1+Controls!L$28*Smooth!$O19)),2))} | H19: {=IF(OR($A19="",7>Controls!$B$6),"",ROUND(MAX(0,Smooth!H19*Controls!H$17*INDEX(Controls!$B$21:$H$21,1,WEEKDAY($A19,2))*(1+Controls!$B$11)^17*(1+Controls!M$25*Smooth!$L19)*(1+Controls!M$26*Smooth!$M19)*(1+Controls!M$27*Smooth!$N19)*(1+Controls!M$28*Smooth!$O19)),2))} | I19: {=IF(OR($A19="",8>Controls!$B$6),"",ROUND(MAX(0,Smooth!I19*Controls!I$17*INDEX(Controls!$B$21:$H$21,1,WEEKDAY($A19,2))*(1+Controls!$B$11)^17*(1+Controls!N$25*Smooth!$L19)*(1+Controls!N$26*Smooth!$M19)*(1+Controls!N$27*Smooth!$N19)*(1+Controls!N$28*Smooth!$O19)),2))} | J19: {=IF(OR($A19="",9>Controls!$B$6),"",ROUND(MAX(0,Smooth!J19*Controls!J$17*INDEX(Controls!$B$21:$H$21,1,WEEKDAY($A19,2))*(1+Controls!$B$11)^17*(1+Controls!O$25*Smooth!$L19)*(1+Controls!O$26*Smooth!$M19)*(1+Controls!O$27*Smooth!$N19)*(1+Controls!O$28*Smooth!$O19)),2))} | K19: {=IF(OR($A19="",10>Controls!$B$6),"",ROUND(MAX(0,Smooth!K19*Controls!K$17*INDEX(Controls!$B$21:$H$21,1,WEEKDAY($A19,2))*(1+Controls!$B$11)^17*(1+Controls!P$25*Smooth!$L19)*(1+Controls!P$26*Smooth!$M19)*(1+Controls!P$27*Smooth!$N19)*(1+Controls!P$28*Smooth!$O19)),2))} | L19: =IF(A19="","",SUM(B19:K19)) -> 155.82
A20: =IF(19<=Controls!$B$5,Controls!$B$4+18,"") -> 73009 | B20: {=IF(OR($A20="",1>Controls!$B$6),"",ROUND(MAX(0,Smooth!B20*Controls!B$17*INDEX(Controls!$B$21:$H$21,1,WEEKDAY($A20,2))*(1+Controls!$B$11)^18*(1+Controls!G$25*Smooth!$L20)*(1+Controls!G$26*Smooth!$M20)*(1+Controls!G$27*Smooth!$N20)*(1+Controls!G$28*Smooth!$O20)),2))} -> 61.49 | C20: {=IF(OR($A20="",2>Controls!$B$6),"",ROUND(MAX(0,Smooth!C20*Controls!C$17*INDEX(Controls!$B$21:$H$21,1,WEEKDAY($A20,2))*(1+Controls!$B$11)^18*(1+Controls!H$25*Smooth!$L20)*(1+Controls!H$26*Smooth!$M20)*(1+Controls!H$27*Smooth!$N20)*(1+Controls!H$28*Smooth!$O20)),2))} -> 45.56 | D20: {=IF(OR($A20="",3>Controls!$B$6),"",ROUND(MAX(0,Smooth!D20*Controls!D$17*INDEX(Controls!$B$21:$H$21,1,WEEKDAY($A20,2))*(1+Controls!$B$11)^18*(1+Controls!I$25*Smooth!$L20)*(1+Controls!I$26*Smooth!$M20)*(1+Controls!I$27*Smooth!$N20)*(1+Controls!I$28*Smooth!$O20)),2))} -> 50.85 | E20: {=IF(OR($A20="",4>Controls!$B$6),"",ROUND(MAX(0,Smooth!E20*Controls!E$17*INDEX(Controls!$B$21:$H$21,1,WEEKDAY($A20,2))*(1+Controls!$B$11)^18*(1+Controls!J$25*Smooth!$L20)*(1+Controls!J$26*Smooth!$M20)*(1+Controls!J$27*Smooth!$N20)*(1+Controls!J$28*Smooth!$O20)),2))} | F20: {=IF(OR($A20="",5>Controls!$B$6),"",ROUND(MAX(0,Smooth!F20*Controls!F$17*INDEX(Controls!$B$21:$H$21,1,WEEKDAY($A20,2))*(1+Controls!$B$11)^18*(1+Controls!K$25*Smooth!$L20)*(1+Controls!K$26*Smooth!$M20)*(1+Controls!K$27*Smooth!$N20)*(1+Controls!K$28*Smooth!$O20)),2))} | G20: {=IF(OR($A20="",6>Controls!$B$6),"",ROUND(MAX(0,Smooth!G20*Controls!G$17*INDEX(Controls!$B$21:$H$21,1,WEEKDAY($A20,2))*(1+Controls!$B$11)^18*(1+Controls!L$25*Smooth!$L20)*(1+Controls!L$26*Smooth!$M20)*(1+Controls!L$27*Smooth!$N20)*(1+Controls!L$28*Smooth!$O20)),2))} | H20: {=IF(OR($A20="",7>Controls!$B$6),"",ROUND(MAX(0,Smooth!H20*Controls!H$17*INDEX(Controls!$B$21:$H$21,1,WEEKDAY($A20,2))*(1+Controls!$B$11)^18*(1+Controls!M$25*Smooth!$L20)*(1+Controls!M$26*Smooth!$M20)*(1+Controls!M$27*Smooth!$N20)*(1+Controls!M$28*Smooth!$O20)),2))} | I20: {=IF(OR($A20="",8>Controls!$B$6),"",ROUND(MAX(0,Smooth!I20*Controls!I$17*INDEX(Controls!$B$21:$H$21,1,WEEKDAY($A20,2))*(1+Controls!$B$11)^18*(1+Controls!N$25*Smooth!$L20)*(1+Controls!N$26*Smooth!$M20)*(1+Controls!N$27*Smooth!$N20)*(1+Controls!N$28*Smooth!$O20)),2))} | J20: {=IF(OR($A20="",9>Controls!$B$6),"",ROUND(MAX(0,Smooth!J20*Controls!J$17*INDEX(Controls!$B$21:$H$21,1,WEEKDAY($A20,2))*(1+Controls!$B$11)^18*(1+Controls!O$25*Smooth!$L20)*(1+Controls!O$26*Smooth!$M20)*(1+Controls!O$27*Smooth!$N20)*(1+Controls!O$28*Smooth!$O20)),2))} | K20: {=IF(OR($A20="",10>Controls!$B$6),"",ROUND(MAX(0,Smooth!K20*Controls!K$17*INDEX(Controls!$B$21:$H$21,1,WEEKDAY($A20,2))*(1+Controls!$B$11)^18*(1+Controls!P$25*Smooth!$L20)*(1+Controls!P$26*Smooth!$M20)*(1+Controls!P$27*Smooth!$N20)*(1+Controls!P$28*Smooth!$O20)),2))} | L20: =IF(A20="","",SUM(B20:K20)) -> 157.9
A21: =IF(20<=Controls!$B$5,Controls!$B$4+19,"") -> 73010 | B21: {=IF(OR($A21="",1>Controls!$B$6),"",ROUND(MAX(0,Smooth!B21*Controls!B$17*INDEX(Controls!$B$21:$H$21,1,WEEKDAY($A21,2))*(1+Controls!$B$11)^19*(1+Controls!G$25*Smooth!$L21)*(1+Controls!G$26*Smooth!$M21)*(1+Controls!G$27*Smooth!$N21)*(1+Controls!G$28*Smooth!$O21)),2))} -> 53.98 | C21: {=IF(OR($A21="",2>Controls!$B$6),"",ROUND(MAX(0,Smooth!C21*Controls!C$17*INDEX(Controls!$B$21:$H$21,1,WEEKDAY($A21,2))*(1+Controls!$B$11)^19*(1+Controls!H$25*Smooth!$L21)*(1+Controls!H$26*Smooth!$M21)*(1+Controls!H$27*Smooth!$N21)*(1+Controls!H$28*Smooth!$O21)),2))} -> 32.99 | D21: {=IF(OR($A21="",3>Controls!$B$6),"",ROUND(MAX(0,Smooth!D21*Controls!D$17*INDEX(Controls!$B$21:$H$21,1,WEEKDAY($A21,2))*(1+Controls!$B$11)^19*(1+Controls!I$25*Smooth!$L21)*(1+Controls!I$26*Smooth!$M21)*(1+Controls!I$27*Smooth!$N21)*(1+Controls!I$28*Smooth!$O21)),2))} -> 38.24 | E21: {=IF(OR($A21="",4>Controls!$B$6),"",ROUND(MAX(0,Smooth!E21*Controls!E$17*INDEX(Controls!$B$21:$H$21,1,WEEKDAY($A21,2))*(1+Controls!$B$11)^19*(1+Controls!J$25*Smooth!$L21)*(1+Controls!J$26*Smooth!$M21)*(1+Controls!J$27*Smooth!$N21)*(1+Controls!J$28*Smooth!$O21)),2))} | F21: {=IF(OR($A21="",5>Controls!$B$6),"",ROUND(MAX(0,Smooth!F21*Controls!F$17*INDEX(Controls!$B$21:$H$21,1,WEEKDAY($A21,2))*(1+Controls!$B$11)^19*(1+Controls!K$25*Smooth!$L21)*(1+Controls!K$26*Smooth!$M21)*(1+Controls!K$27*Smooth!$N21)*(1+Controls!K$28*Smooth!$O21)),2))} | G21: {=IF(OR($A21="",6>Controls!$B$6),"",ROUND(MAX(0,Smooth!G21*Controls!G$17*INDEX(Controls!$B$21:$H$21,1,WEEKDAY($A21,2))*(1+Controls!$B$11)^19*(1+Controls!L$25*Smooth!$L21)*(1+Controls!L$26*Smooth!$M21)*(1+Controls!L$27*Smooth!$N21)*(1+Controls!L$28*Smooth!$O21)),2))} | H21: {=IF(OR($A21="",7>Controls!$B$6),"",ROUND(MAX(0,Smooth!H21*Controls!H$17*INDEX(Controls!$B$21:$H$21,1,WEEKDAY($A21,2))*(1+Controls!$B$11)^19*(1+Controls!M$25*Smooth!$L21)*(1+Controls!M$26*Smooth!$M21)*(1+Controls!M$27*Smooth!$N21)*(1+Controls!M$28*Smooth!$O21)),2))} | I21: {=IF(OR($A21="",8>Controls!$B$6),"",ROUND(MAX(0,Smooth!I21*Controls!I$17*INDEX(Controls!$B$21:$H$21,1,WEEKDAY($A21,2))*(1+Controls!$B$11)^19*(1+Controls!N$25*Smooth!$L21)*(1+Controls!N$26*Smooth!$M21)*(1+Controls!N$27*Smooth!$N21)*(1+Controls!N$28*Smooth!$O21)),2))} | J21: {=IF(OR($A21="",9>Controls!$B$6),"",ROUND(MAX(0,Smooth!J21*Controls!J$17*INDEX(Controls!$B$21:$H$21,1,WEEKDAY($A21,2))*(1+Controls!$B$11)^19*(1+Controls!O$25*Smooth!$L21)*(1+Controls!O$26*Smooth!$M21)*(1+Controls!O$27*Smooth!$N21)*(1+Controls!O$28*Smooth!$O21)),2))} | K21: {=IF(OR($A21="",10>Controls!$B$6),"",ROUND(MAX(0,Smooth!K21*Controls!K$17*INDEX(Controls!$B$21:$H$21,1,WEEKDAY($A21,2))*(1+Controls!$B$11)^19*(1+Controls!P$25*Smooth!$L21)*(1+Controls!P$26*Smooth!$M21)*(1+Controls!P$27*Smooth!$N21)*(1+Controls!P$28*Smooth!$O21)),2))} | L21: =IF(A21="","",SUM(B21:K21)) -> 125.21
A22: =IF(21<=Controls!$B$5,Controls!$B$4+20,"") -> 73011 | B22: {=IF(OR($A22="",1>Controls!$B$6),"",ROUND(MAX(0,Smooth!B22*Controls!B$17*INDEX(Controls!$B$21:$H$21,1,WEEKDAY($A22,2))*(1+Controls!$B$11)^20*(1+Controls!G$25*Smooth!$L22)*(1+Controls!G$26*Smooth!$M22)*(1+Controls!G$27*Smooth!$N22)*(1+Controls!G$28*Smooth!$O22)),2))} -> 27.56 | C22: {=IF(OR($A22="",2>Controls!$B$6),"",ROUND(MAX(0,Smooth!C22*Controls!C$17*INDEX(Controls!$B$21:$H$21,1,WEEKDAY($A22,2))*(1+Controls!$B$11)^20*(1+Controls!H$25*Smooth!$L22)*(1+Controls!H$26*Smooth!$M22)*(1+Controls!H$27*Smooth!$N22)*(1+Controls!H$28*Smooth!$O22)),2))} -> 17.24 | D22: {=IF(OR($A22="",3>Controls!$B$6),"",ROUND(MAX(0,Smooth!D22*Controls!D$17*INDEX(Controls!$B$21:$H$21,1,WEEKDAY($A22,2))*(1+Controls!$B$11)^20*(1+Controls!I$25*Smooth!$L22)*(1+Controls!I$26*Smooth!$M22)*(1+Controls!I$27*Smooth!$N22)*(1+Controls!I$28*Smooth!$O22)),2))} -> 19.99 | E22: {=IF(OR($A22="",4>Controls!$B$6),"",ROUND(MAX(0,Smooth!E22*Controls!E$17*INDEX(Controls!$B$21:$H$21,1,WEEKDAY($A22,2))*(1+Controls!$B$11)^20*(1+Controls!J$25*Smooth!$L22)*(1+Controls!J$26*Smooth!$M22)*(1+Controls!J$27*Smooth!$N22)*(1+Controls!J$28*Smooth!$O22)),2))} | F22: {=IF(OR($A22="",5>Controls!$B$6),"",ROUND(MAX(0,Smooth!F22*Controls!F$17*INDEX(Controls!$B$21:$H$21,1,WEEKDAY($A22,2))*(1+Controls!$B$11)^20*(1+Controls!K$25*Smooth!$L22)*(1+Controls!K$26*Smooth!$M22)*(1+Controls!K$27*Smooth!$N22)*(1+Controls!K$28*Smooth!$O22)),2))} | G22: {=IF(OR($A22="",6>Controls!$B$6),"",ROUND(MAX(0,Smooth!G22*Controls!G$17*INDEX(Controls!$B$21:$H$21,1,WEEKDAY($A22,2))*(1+Controls!$B$11)^20*(1+Controls!L$25*Smooth!$L22)*(1+Controls!L$26*Smooth!$M22)*(1+Controls!L$27*Smooth!$N22)*(1+Controls!L$28*Smooth!$O22)),2))} | H22: {=IF(OR($A22="",7>Controls!$B$6),"",ROUND(MAX(0,Smooth!H22*Controls!H$17*INDEX(Controls!$B$21:$H$21,1,WEEKDAY($A22,2))*(1+Controls!$B$11)^20*(1+Controls!M$25*Smooth!$L22)*(1+Controls!M$26*Smooth!$M22)*(1+Controls!M$27*Smooth!$N22)*(1+Controls!M$28*Smooth!$O22)),2))} | I22: {=IF(OR($A22="",8>Controls!$B$6),"",ROUND(MAX(0,Smooth!I22*Controls!I$17*INDEX(Controls!$B$21:$H$21,1,WEEKDAY($A22,2))*(1+Controls!$B$11)^20*(1+Controls!N$25*Smooth!$L22)*(1+Controls!N$26*Smooth!$M22)*(1+Controls!N$27*Smooth!$N22)*(1+Controls!N$28*Smooth!$O22)),2))} | J22: {=IF(OR($A22="",9>Controls!$B$6),"",ROUND(MAX(0,Smooth!J22*Controls!J$17*INDEX(Controls!$B$21:$H$21,1,WEEKDAY($A22,2))*(1+Controls!$B$11)^20*(1+Controls!O$25*Smooth!$L22)*(1+Controls!O$26*Smooth!$M22)*(1+Controls!O$27*Smooth!$N22)*(1+Controls!O$28*Smooth!$O22)),2))} | K22: {=IF(OR($A22="",10>Controls!$B$6),"",ROUND(MAX(0,Smooth!K22*Controls!K$17*INDEX(Controls!$B$21:$H$21,1,WEEKDAY($A22,2))*(1+Controls!$B$11)^20*(1+Controls!P$25*Smooth!$L22)*(1+Controls!P$26*Smooth!$M22)*(1+Controls!P$27*Smooth!$N22)*(1+Controls!P$28*Smooth!$O22)),2))} | L22: =IF(A22="","",SUM(B22:K22)) -> 64.79
A23: =IF(22<=Controls!$B$5,Controls!$B$4+21,"") -> 73012 | B23: {=IF(OR($A23="",1>Controls!$B$6),"",ROUND(MAX(0,Smooth!B23*Controls!B$17*INDEX(Controls!$B$21:$H$21,1,WEEKDAY($A23,2))*(1+Controls!$B$11)^21*(1+Controls!G$25*Smooth!$L23)*(1+Controls!G$26*Smooth!$M23)*(1+Controls!G$27*Smooth!$N23)*(1+Controls!G$28*Smooth!$O23)),2))} -> 57.75 | C23: {=IF(OR($A23="",2>Controls!$B$6),"",ROUND(MAX(0,Smooth!C23*Controls!C$17*INDEX(Controls!$B$21:$H$21,1,WEEKDAY($A23,2))*(1+Controls!$B$11)^21*(1+Controls!H$25*Smooth!$L23)*(1+Controls!H$26*Smooth!$M23)*(1+Controls!H$27*Smooth!$N23)*(1+Controls!H$28*Smooth!$O23)),2))} -> 47.82 | D23: {=IF(OR($A23="",3>Controls!$B$6),"",ROUND(MAX(0,Smooth!D23*Controls!D$17*INDEX(Controls!$B$21:$H$21,1,WEEKDAY($A23,2))*(1+Controls!$B$11)^21*(1+Controls!I$25*Smooth!$L23)*(1+Controls!I$26*Smooth!$M23)*(1+Controls!I$27*Smooth!$N23)*(1+Controls!I$28*Smooth!$O23)),2))} -> 51.55 | E23: {=IF(OR($A23="",4>Controls!$B$6),"",ROUND(MAX(0,Smooth!E23*Controls!E$17*INDEX(Controls!$B$21:$H$21,1,WEEKDAY($A23,2))*(1+Controls!$B$11)^21*(1+Controls!J$25*Smooth!$L23)*(1+Controls!J$26*Smooth!$M23)*(1+Controls!J$27*Smooth!$N23)*(1+Controls!J$28*Smooth!$O23)),2))} | F23: {=IF(OR($A23="",5>Controls!$B$6),"",ROUND(MAX(0,Smooth!F23*Controls!F$17*INDEX(Controls!$B$21:$H$21,1,WEEKDAY($A23,2))*(1+Controls!$B$11)^21*(1+Controls!K$25*Smooth!$L23)*(1+Controls!K$26*Smooth!$M23)*(1+Controls!K$27*Smooth!$N23)*(1+Controls!K$28*Smooth!$O23)),2))} | G23: {=IF(OR($A23="",6>Controls!$B$6),"",ROUND(MAX(0,Smooth!G23*Controls!G$17*INDEX(Controls!$B$21:$H$21,1,WEEKDAY($A23,2))*(1+Controls!$B$11)^21*(1+Controls!L$25*Smooth!$L23)*(1+Controls!L$26*Smooth!$M23)*(1+Controls!L$27*Smooth!$N23)*(1+Controls!L$28*Smooth!$O23)),2))} | H23: {=IF(OR($A23="",7>Controls!$B$6),"",ROUND(MAX(0,Smooth!H23*Controls!H$17*INDEX(Controls!$B$21:$H$21,1,WEEKDAY($A23,2))*(1+Controls!$B$11)^21*(1+Controls!M$25*Smooth!$L23)*(1+Controls!M$26*Smooth!$M23)*(1+Controls!M$27*Smooth!$N23)*(1+Controls!M$28*Smooth!$O23)),2))} | I23: {=IF(OR($A23="",8>Controls!$B$6),"",ROUND(MAX(0,Smooth!I23*Controls!I$17*INDEX(Controls!$B$21:$H$21,1,WEEKDAY($A23,2))*(1+Controls!$B$11)^21*(1+Controls!N$25*Smooth!$L23)*(1+Controls!N$26*Smooth!$M23)*(1+Controls!N$27*Smooth!$N23)*(1+Controls!N$28*Smooth!$O23)),2))} | J23: {=IF(OR($A23="",9>Controls!$B$6),"",ROUND(MAX(0,Smooth!J23*Controls!J$17*INDEX(Controls!$B$21:$H$21,1,WEEKDAY($A23,2))*(1+Controls!$B$11)^21*(1+Controls!O$25*Smooth!$L23)*(1+Controls!O$26*Smooth!$M23)*(1+Controls!O$27*Smooth!$N23)*(1+Controls!O$28*Smooth!$O23)),2))} | K23: {=IF(OR($A23="",10>Controls!$B$6),"",ROUND(MAX(0,Smooth!K23*Controls!K$17*INDEX(Controls!$B$21:$H$21,1,WEEKDAY($A23,2))*(1+Controls!$B$11)^21*(1+Controls!P$25*Smooth!$L23)*(1+Controls!P$26*Smooth!$M23)*(1+Controls!P$27*Smooth!$N23)*(1+Controls!P$28*Smooth!$O23)),2))} | L23: =IF(A23="","",SUM(B23:K23)) -> 157.12
A24: =IF(23<=Controls!$B$5,Controls!$B$4+22,"") -> 73013 | B24: {=IF(OR($A24="",1>Controls!$B$6),"",ROUND(MAX(0,Smooth!B24*Controls!B$17*INDEX(Controls!$B$21:$H$21,1,WEEKDAY($A24,2))*(1+Controls!$B$11)^22*(1+Controls!G$25*Smooth!$L24)*(1+Controls!G$26*Smooth!$M24)*(1+Controls!G$27*Smooth!$N24)*(1+Controls!G$28*Smooth!$O24)),2))} -> 46.35 | C24: {=IF(OR($A24="",2>Controls!$B$6),"",ROUND(MAX(0,Smooth!C24*Controls!C$17*INDEX(Controls!$B$21:$H$21,1,WEEKDAY($A24,2))*(1+Controls!$B$11)^22*(1+Controls!H$25*Smooth!$L24)*(1+Controls!H$26*Smooth!$M24)*(1+Controls!H$27*Smooth!$N24)*(1+Controls!H$28*Smooth!$O24)),2))} -> 59.53 | D24: {=IF(OR($A24="",3>Controls!$B$6),"",ROUND(MAX(0,Smooth!D24*Controls!D$17*INDEX(Controls!$B$21:$H$21,1,WEEKDAY($A24,2))*(1+Controls!$B$11)^22*(1+Controls!I$25*Smooth!$L24)*(1+Controls!I$26*Smooth!$M24)*(1+Controls!I$27*Smooth!$N24)*(1+Controls!I$28*Smooth!$O24)),2))} -> 51.11 | E24: {=IF(OR($A24="",4>Controls!$B$6),"",ROUND(MAX(0,Smooth!E24*Controls!E$17*INDEX(Controls!$B$21:$H$21,1,WEEKDAY($A24,2))*(1+Controls!$B$11)^22*(1+Controls!J$25*Smooth!$L24)*(1+Controls!J$26*Smooth!$M24)*(1+Controls!J$27*Smooth!$N24)*(1+Controls!J$28*Smooth!$O24)),2))} | F24: {=IF(OR($A24="",5>Controls!$B$6),"",ROUND(MAX(0,Smooth!F24*Controls!F$17*INDEX(Controls!$B$21:$H$21,1,WEEKDAY($A24,2))*(1+Controls!$B$11)^22*(1+Controls!K$25*Smooth!$L24)*(1+Controls!K$26*Smooth!$M24)*(1+Controls!K$27*Smooth!$N24)*(1+Controls!K$28*Smooth!$O24)),2))} | G24: {=IF(OR($A24="",6>Controls!$B$6),"",ROUND(MAX(0,Smooth!G24*Controls!G$17*INDEX(Controls!$B$21:$H$21,1,WEEKDAY($A24,2))*(1+Controls!$B$11)^22*(1+Controls!L$25*Smooth!$L24)*(1+Controls!L$26*Smooth!$M24)*(1+Controls!L$27*Smooth!$N24)*(1+Controls!L$28*Smooth!$O24)),2))} | H24: {=IF(OR($A24="",7>Controls!$B$6),"",ROUND(MAX(0,Smooth!H24*Controls!H$17*INDEX(Controls!$B$21:$H$21,1,WEEKDAY($A24,2))*(1+Controls!$B$11)^22*(1+Controls!M$25*Smooth!$L24)*(1+Controls!M$26*Smooth!$M24)*(1+Controls!M$27*Smooth!$N24)*(1+Controls!M$28*Smooth!$O24)),2))} | I24: {=IF(OR($A24="",8>Controls!$B$6),"",ROUND(MAX(0,Smooth!I24*Controls!I$17*INDEX(Controls!$B$21:$H$21,1,WEEKDAY($A24,2))*(1+Controls!$B$11)^22*(1+Controls!N$25*Smooth!$L24)*(1+Controls!N$26*Smooth!$M24)*(1+Controls!N$27*Smooth!$N24)*(1+Controls!N$28*Smooth!$O24)),2))} | J24: {=IF(OR($A24="",9>Controls!$B$6),"",ROUND(MAX(0,Smooth!J24*Controls!J$17*INDEX(Controls!$B$21:$H$21,1,WEEKDAY($A24,2))*(1+Controls!$B$11)^22*(1+Controls!O$25*Smooth!$L24)*(1+Controls!O$26*Smooth!$M24)*(1+Controls!O$27*Smooth!$N24)*(1+Controls!O$28*Smooth!$O24)),2))} | K24: {=IF(OR($A24="",10>Controls!$B$6),"",ROUND(MAX(0,Smooth!K24*Controls!K$17*INDEX(Controls!$B$21:$H$21,1,WEEKDAY($A24,2))*(1+Controls!$B$11)^22*(1+Controls!P$25*Smooth!$L24)*(1+Controls!P$26*Smooth!$M24)*(1+Controls!P$27*Smooth!$N24)*(1+Controls!P$28*Smooth!$O24)),2))} | L24: =IF(A24="","",SUM(B24:K24)) -> 156.99 | N24: =IF(B1="","",B1) -> LV-426 | O24: =IF(C1="","",C1) -> Origae-6 | P24: =IF(D1="","",D1) -> Fiorina 151 | Q24: =IF(E1="","",E1) | R24: =IF(F1="","",F1) | S24: =IF(G1="","",G1) | T24: =IF(H1="","",H1) | U24: =IF(I1="","",I1) | ... W24: =IF(K1="","",K1)
A25: =IF(24<=Controls!$B$5,Controls!$B$4+23,"") -> 73014 | B25: {=IF(OR($A25="",1>Controls!$B$6),"",ROUND(MAX(0,Smooth!B25*Controls!B$17*INDEX(Controls!$B$21:$H$21,1,WEEKDAY($A25,2))*(1+Controls!$B$11)^23*(1+Controls!G$25*Smooth!$L25)*(1+Controls!G$26*Smooth!$M25)*(1+Controls!G$27*Smooth!$N25)*(1+Controls!G$28*Smooth!$O25)),2))} -> 40.09 | C25: {=IF(OR($A25="",2>Controls!$B$6),"",ROUND(MAX(0,Smooth!C25*Controls!C$17*INDEX(Controls!$B$21:$H$21,1,WEEKDAY($A25,2))*(1+Controls!$B$11)^23*(1+Controls!H$25*Smooth!$L25)*(1+Controls!H$26*Smooth!$M25)*(1+Controls!H$27*Smooth!$N25)*(1+Controls!H$28*Smooth!$O25)),2))} -> 60.19 | D25: {=IF(OR($A25="",3>Controls!$B$6),"",ROUND(MAX(0,Smooth!D25*Controls!D$17*INDEX(Controls!$B$21:$H$21,1,WEEKDAY($A25,2))*(1+Controls!$B$11)^23*(1+Controls!I$25*Smooth!$L25)*(1+Controls!I$26*Smooth!$M25)*(1+Controls!I$27*Smooth!$N25)*(1+Controls!I$28*Smooth!$O25)),2))} -> 64.94 | E25: {=IF(OR($A25="",4>Controls!$B$6),"",ROUND(MAX(0,Smooth!E25*Controls!E$17*INDEX(Controls!$B$21:$H$21,1,WEEKDAY($A25,2))*(1+Controls!$B$11)^23*(1+Controls!J$25*Smooth!$L25)*(1+Controls!J$26*Smooth!$M25)*(1+Controls!J$27*Smooth!$N25)*(1+Controls!J$28*Smooth!$O25)),2))} | F25: {=IF(OR($A25="",5>Controls!$B$6),"",ROUND(MAX(0,Smooth!F25*Controls!F$17*INDEX(Controls!$B$21:$H$21,1,WEEKDAY($A25,2))*(1+Controls!$B$11)^23*(1+Controls!K$25*Smooth!$L25)*(1+Controls!K$26*Smooth!$M25)*(1+Controls!K$27*Smooth!$N25)*(1+Controls!K$28*Smooth!$O25)),2))} | G25: {=IF(OR($A25="",6>Controls!$B$6),"",ROUND(MAX(0,Smooth!G25*Controls!G$17*INDEX(Controls!$B$21:$H$21,1,WEEKDAY($A25,2))*(1+Controls!$B$11)^23*(1+Controls!L$25*Smooth!$L25)*(1+Controls!L$26*Smooth!$M25)*(1+Controls!L$27*Smooth!$N25)*(1+Controls!L$28*Smooth!$O25)),2))} | H25: {=IF(OR($A25="",7>Controls!$B$6),"",ROUND(MAX(0,Smooth!H25*Controls!H$17*INDEX(Controls!$B$21:$H$21,1,WEEKDAY($A25,2))*(1+Controls!$B$11)^23*(1+Controls!M$25*Smooth!$L25)*(1+Controls!M$26*Smooth!$M25)*(1+Controls!M$27*Smooth!$N25)*(1+Controls!M$28*Smooth!$O25)),2))} | I25: {=IF(OR($A25="",8>Controls!$B$6),"",ROUND(MAX(0,Smooth!I25*Controls!I$17*INDEX(Controls!$B$21:$H$21,1,WEEKDAY($A25,2))*(1+Controls!$B$11)^23*(1+Controls!N$25*Smooth!$L25)*(1+Controls!N$26*Smooth!$M25)*(1+Controls!N$27*Smooth!$N25)*(1+Controls!N$28*Smooth!$O25)),2))} | J25: {=IF(OR($A25="",9>Controls!$B$6),"",ROUND(MAX(0,Smooth!J25*Controls!J$17*INDEX(Controls!$B$21:$H$21,1,WEEKDAY($A25,2))*(1+Controls!$B$11)^23*(1+Controls!O$25*Smooth!$L25)*(1+Controls!O$26*Smooth!$M25)*(1+Controls!O$27*Smooth!$N25)*(1+Controls!O$28*Smooth!$O25)),2))} | K25: {=IF(OR($A25="",10>Controls!$B$6),"",ROUND(MAX(0,Smooth!K25*Controls!K$17*INDEX(Controls!$B$21:$H$21,1,WEEKDAY($A25,2))*(1+Controls!$B$11)^23*(1+Controls!P$25*Smooth!$L25)*(1+Controls!P$26*Smooth!$M25)*(1+Controls!P$27*Smooth!$N25)*(1+Controls!P$28*Smooth!$O25)),2))} | L25: =IF(A25="","",SUM(B25:K25)) -> 165.22
A26: =IF(25<=Controls!$B$5,Controls!$B$4+24,"") -> 73015 | B26: {=IF(OR($A26="",1>Controls!$B$6),"",ROUND(MAX(0,Smooth!B26*Controls!B$17*INDEX(Controls!$B$21:$H$21,1,WEEKDAY($A26,2))*(1+Controls!$B$11)^24*(1+Controls!G$25*Smooth!$L26)*(1+Controls!G$26*Smooth!$M26)*(1+Controls!G$27*Smooth!$N26)*(1+Controls!G$28*Smooth!$O26)),2))} -> 32.6 | C26: {=IF(OR($A26="",2>Controls!$B$6),"",ROUND(MAX(0,Smooth!C26*Controls!C$17*INDEX(Controls!$B$21:$H$21,1,WEEKDAY($A26,2))*(1+Controls!$B$11)^24*(1+Controls!H$25*Smooth!$L26)*(1+Controls!H$26*Smooth!$M26)*(1+Controls!H$27*Smooth!$N26)*(1+Controls!H$28*Smooth!$O26)),2))} -> 48.41 | D26: {=IF(OR($A26="",3>Controls!$B$6),"",ROUND(MAX(0,Smooth!D26*Controls!D$17*INDEX(Controls!$B$21:$H$21,1,WEEKDAY($A26,2))*(1+Controls!$B$11)^24*(1+Controls!I$25*Smooth!$L26)*(1+Controls!I$26*Smooth!$M26)*(1+Controls!I$27*Smooth!$N26)*(1+Controls!I$28*Smooth!$O26)),2))} -> 55.59 | E26: {=IF(OR($A26="",4>Controls!$B$6),"",ROUND(MAX(0,Smooth!E26*Controls!E$17*INDEX(Controls!$B$21:$H$21,1,WEEKDAY($A26,2))*(1+Controls!$B$11)^24*(1+Controls!J$25*Smooth!$L26)*(1+Controls!J$26*Smooth!$M26)*(1+Controls!J$27*Smooth!$N26)*(1+Controls!J$28*Smooth!$O26)),2))} | F26: {=IF(OR($A26="",5>Controls!$B$6),"",ROUND(MAX(0,Smooth!F26*Controls!F$17*INDEX(Controls!$B$21:$H$21,1,WEEKDAY($A26,2))*(1+Controls!$B$11)^24*(1+Controls!K$25*Smooth!$L26)*(1+Controls!K$26*Smooth!$M26)*(1+Controls!K$27*Smooth!$N26)*(1+Controls!K$28*Smooth!$O26)),2))} | G26: {=IF(OR($A26="",6>Controls!$B$6),"",ROUND(MAX(0,Smooth!G26*Controls!G$17*INDEX(Controls!$B$21:$H$21,1,WEEKDAY($A26,2))*(1+Controls!$B$11)^24*(1+Controls!L$25*Smooth!$L26)*(1+Controls!L$26*Smooth!$M26)*(1+Controls!L$27*Smooth!$N26)*(1+Controls!L$28*Smooth!$O26)),2))} | H26: {=IF(OR($A26="",7>Controls!$B$6),"",ROUND(MAX(0,Smooth!H26*Controls!H$17*INDEX(Controls!$B$21:$H$21,1,WEEKDAY($A26,2))*(1+Controls!$B$11)^24*(1+Controls!M$25*Smooth!$L26)*(1+Controls!M$26*Smooth!$M26)*(1+Controls!M$27*Smooth!$N26)*(1+Controls!M$28*Smooth!$O26)),2))} | I26: {=IF(OR($A26="",8>Controls!$B$6),"",ROUND(MAX(0,Smooth!I26*Controls!I$17*INDEX(Controls!$B$21:$H$21,1,WEEKDAY($A26,2))*(1+Controls!$B$11)^24*(1+Controls!N$25*Smooth!$L26)*(1+Controls!N$26*Smooth!$M26)*(1+Controls!N$27*Smooth!$N26)*(1+Controls!N$28*Smooth!$O26)),2))} | J26: {=IF(OR($A26="",9>Controls!$B$6),"",ROUND(MAX(0,Smooth!J26*Controls!J$17*INDEX(Controls!$B$21:$H$21,1,WEEKDAY($A26,2))*(1+Controls!$B$11)^24*(1+Controls!O$25*Smooth!$L26)*(1+Controls!O$26*Smooth!$M26)*(1+Controls!O$27*Smooth!$N26)*(1+Controls!O$28*Smooth!$O26)),2))} | K26: {=IF(OR($A26="",10>Controls!$B$6),"",ROUND(MAX(0,Smooth!K26*Controls!K$17*INDEX(Controls!$B$21:$H$21,1,WEEKDAY($A26,2))*(1+Controls!$B$11)^24*(1+Controls!P$25*Smooth!$L26)*(1+Controls!P$26*Smooth!$M26)*(1+Controls!P$27*Smooth!$N26)*(1+Controls!P$28*Smooth!$O26)),2))} | L26: =IF(A26="","",SUM(B26:K26)) -> 136.6
A27: =IF(26<=Controls!$B$5,Controls!$B$4+25,"") -> 73016 | B27: {=IF(OR($A27="",1>Controls!$B$6),"",ROUND(MAX(0,Smooth!B27*Controls!B$17*INDEX(Controls!$B$21:$H$21,1,WEEKDAY($A27,2))*(1+Controls!$B$11)^25*(1+Controls!G$25*Smooth!$L27)*(1+Controls!G$26*Smooth!$M27)*(1+Controls!G$27*Smooth!$N27)*(1+Controls!G$28*Smooth!$O27)),2))} -> 44.11 | C27: {=IF(OR($A27="",2>Controls!$B$6),"",ROUND(MAX(0,Smooth!C27*Controls!C$17*INDEX(Controls!$B$21:$H$21,1,WEEKDAY($A27,2))*(1+Controls!$B$11)^25*(1+Controls!H$25*Smooth!$L27)*(1+Controls!H$26*Smooth!$M27)*(1+Controls!H$27*Smooth!$N27)*(1+Controls!H$28*Smooth!$O27)),2))} -> 47.99 | D27: {=IF(OR($A27="",3>Controls!$B$6),"",ROUND(MAX(0,Smooth!D27*Controls!D$17*INDEX(Controls!$B$21:$H$21,1,WEEKDAY($A27,2))*(1+Controls!$B$11)^25*(1+Controls!I$25*Smooth!$L27)*(1+Controls!I$26*Smooth!$M27)*(1+Controls!I$27*Smooth!$N27)*(1+Controls!I$28*Smooth!$O27)),2))} -> 46.4 | E27: {=IF(OR($A27="",4>Controls!$B$6),"",ROUND(MAX(0,Smooth!E27*Controls!E$17*INDEX(Controls!$B$21:$H$21,1,WEEKDAY($A27,2))*(1+Controls!$B$11)^25*(1+Controls!J$25*Smooth!$L27)*(1+Controls!J$26*Smooth!$M27)*(1+Controls!J$27*Smooth!$N27)*(1+Controls!J$28*Smooth!$O27)),2))} | F27: {=IF(OR($A27="",5>Controls!$B$6),"",ROUND(MAX(0,Smooth!F27*Controls!F$17*INDEX(Controls!$B$21:$H$21,1,WEEKDAY($A27,2))*(1+Controls!$B$11)^25*(1+Controls!K$25*Smooth!$L27)*(1+Controls!K$26*Smooth!$M27)*(1+Controls!K$27*Smooth!$N27)*(1+Controls!K$28*Smooth!$O27)),2))} | G27: {=IF(OR($A27="",6>Controls!$B$6),"",ROUND(MAX(0,Smooth!G27*Controls!G$17*INDEX(Controls!$B$21:$H$21,1,WEEKDAY($A27,2))*(1+Controls!$B$11)^25*(1+Controls!L$25*Smooth!$L27)*(1+Controls!L$26*Smooth!$M27)*(1+Controls!L$27*Smooth!$N27)*(1+Controls!L$28*Smooth!$O27)),2))} | H27: {=IF(OR($A27="",7>Controls!$B$6),"",ROUND(MAX(0,Smooth!H27*Controls!H$17*INDEX(Controls!$B$21:$H$21,1,WEEKDAY($A27,2))*(1+Controls!$B$11)^25*(1+Controls!M$25*Smooth!$L27)*(1+Controls!M$26*Smooth!$M27)*(1+Controls!M$27*Smooth!$N27)*(1+Controls!M$28*Smooth!$O27)),2))} | I27: {=IF(OR($A27="",8>Controls!$B$6),"",ROUND(MAX(0,Smooth!I27*Controls!I$17*INDEX(Controls!$B$21:$H$21,1,WEEKDAY($A27,2))*(1+Controls!$B$11)^25*(1+Controls!N$25*Smooth!$L27)*(1+Controls!N$26*Smooth!$M27)*(1+Controls!N$27*Smooth!$N27)*(1+Controls!N$28*Smooth!$O27)),2))} | J27: {=IF(OR($A27="",9>Controls!$B$6),"",ROUND(MAX(0,Smooth!J27*Controls!J$17*INDEX(Controls!$B$21:$H$21,1,WEEKDAY($A27,2))*(1+Controls!$B$11)^25*(1+Controls!O$25*Smooth!$L27)*(1+Controls!O$26*Smooth!$M27)*(1+Controls!O$27*Smooth!$N27)*(1+Controls!O$28*Smooth!$O27)),2))} | K27: {=IF(OR($A27="",10>Controls!$B$6),"",ROUND(MAX(0,Smooth!K27*Controls!K$17*INDEX(Controls!$B$21:$H$21,1,WEEKDAY($A27,2))*(1+Controls!$B$11)^25*(1+Controls!P$25*Smooth!$L27)*(1+Controls!P$26*Smooth!$M27)*(1+Controls!P$27*Smooth!$N27)*(1+Controls!P$28*Smooth!$O27)),2))} | L27: =IF(A27="","",SUM(B27:K27)) -> 138.5
A28: =IF(27<=Controls!$B$5,Controls!$B$4+26,"") -> 73017 | B28: {=IF(OR($A28="",1>Controls!$B$6),"",ROUND(MAX(0,Smooth!B28*Controls!B$17*INDEX(Controls!$B$21:$H$21,1,WEEKDAY($A28,2))*(1+Controls!$B$11)^26*(1+Controls!G$25*Smooth!$L28)*(1+Controls!G$26*Smooth!$M28)*(1+Controls!G$27*Smooth!$N28)*(1+Controls!G$28*Smooth!$O28)),2))} -> 28.96 | C28: {=IF(OR($A28="",2>Controls!$B$6),"",ROUND(MAX(0,Smooth!C28*Controls!C$17*INDEX(Controls!$B$21:$H$21,1,WEEKDAY($A28,2))*(1+Controls!$B$11)^26*(1+Controls!H$25*Smooth!$L28)*(1+Controls!H$26*Smooth!$M28)*(1+Controls!H$27*Smooth!$N28)*(1+Controls!H$28*Smooth!$O28)),2))} -> 35.04 | D28: {=IF(OR($A28="",3>Controls!$B$6),"",ROUND(MAX(0,Smooth!D28*Controls!D$17*INDEX(Controls!$B$21:$H$21,1,WEEKDAY($A28,2))*(1+Controls!$B$11)^26*(1+Controls!I$25*Smooth!$L28)*(1+Controls!I$26*Smooth!$M28)*(1+Controls!I$27*Smooth!$N28)*(1+Controls!I$28*Smooth!$O28)),2))} -> 42.77 | E28: {=IF(OR($A28="",4>Controls!$B$6),"",ROUND(MAX(0,Smooth!E28*Controls!E$17*INDEX(Controls!$B$21:$H$21,1,WEEKDAY($A28,2))*(1+Controls!$B$11)^26*(1+Controls!J$25*Smooth!$L28)*(1+Controls!J$26*Smooth!$M28)*(1+Controls!J$27*Smooth!$N28)*(1+Controls!J$28*Smooth!$O28)),2))} | F28: {=IF(OR($A28="",5>Controls!$B$6),"",ROUND(MAX(0,Smooth!F28*Controls!F$17*INDEX(Controls!$B$21:$H$21,1,WEEKDAY($A28,2))*(1+Controls!$B$11)^26*(1+Controls!K$25*Smooth!$L28)*(1+Controls!K$26*Smooth!$M28)*(1+Controls!K$27*Smooth!$N28)*(1+Controls!K$28*Smooth!$O28)),2))} | G28: {=IF(OR($A28="",6>Controls!$B$6),"",ROUND(MAX(0,Smooth!G28*Controls!G$17*INDEX(Controls!$B$21:$H$21,1,WEEKDAY($A28,2))*(1+Controls!$B$11)^26*(1+Controls!L$25*Smooth!$L28)*(1+Controls!L$26*Smooth!$M28)*(1+Controls!L$27*Smooth!$N28)*(1+Controls!L$28*Smooth!$O28)),2))} | H28: {=IF(OR($A28="",7>Controls!$B$6),"",ROUND(MAX(0,Smooth!H28*Controls!H$17*INDEX(Controls!$B$21:$H$21,1,WEEKDAY($A28,2))*(1+Controls!$B$11)^26*(1+Controls!M$25*Smooth!$L28)*(1+Controls!M$26*Smooth!$M28)*(1+Controls!M$27*Smooth!$N28)*(1+Controls!M$28*Smooth!$O28)),2))} | I28: {=IF(OR($A28="",8>Controls!$B$6),"",ROUND(MAX(0,Smooth!I28*Controls!I$17*INDEX(Controls!$B$21:$H$21,1,WEEKDAY($A28,2))*(1+Controls!$B$11)^26*(1+Controls!N$25*Smooth!$L28)*(1+Controls!N$26*Smooth!$M28)*(1+Controls!N$27*Smooth!$N28)*(1+Controls!N$28*Smooth!$O28)),2))} | J28: {=IF(OR($A28="",9>Controls!$B$6),"",ROUND(MAX(0,Smooth!J28*Controls!J$17*INDEX(Controls!$B$21:$H$21,1,WEEKDAY($A28,2))*(1+Controls!$B$11)^26*(1+Controls!O$25*Smooth!$L28)*(1+Controls!O$26*Smooth!$M28)*(1+Controls!O$27*Smooth!$N28)*(1+Controls!O$28*Smooth!$O28)),2))} | K28: {=IF(OR($A28="",10>Controls!$B$6),"",ROUND(MAX(0,Smooth!K28*Controls!K$17*INDEX(Controls!$B$21:$H$21,1,WEEKDAY($A28,2))*(1+Controls!$B$11)^26*(1+Controls!P$25*Smooth!$L28)*(1+Controls!P$26*Smooth!$M28)*(1+Controls!P$27*Smooth!$N28)*(1+Controls!P$28*Smooth!$O28)),2))} | L28: =IF(A28="","",SUM(B28:K28)) -> 106.77
A29: =IF(28<=Controls!$B$5,Controls!$B$4+27,"") -> 73018 | B29: {=IF(OR($A29="",1>Controls!$B$6),"",ROUND(MAX(0,Smooth!B29*Controls!B$17*INDEX(Controls!$B$21:$H$21,1,WEEKDAY($A29,2))*(1+Controls!$B$11)^27*(1+Controls!G$25*Smooth!$L29)*(1+Controls!G$26*Smooth!$M29)*(1+Controls!G$27*Smooth!$N29)*(1+Controls!G$28*Smooth!$O29)),2))} -> 15.03 | C29: {=IF(OR($A29="",2>Controls!$B$6),"",ROUND(MAX(0,Smooth!C29*Controls!C$17*INDEX(Controls!$B$21:$H$21,1,WEEKDAY($A29,2))*(1+Controls!$B$11)^27*(1+Controls!H$25*Smooth!$L29)*(1+Controls!H$26*Smooth!$M29)*(1+Controls!H$27*Smooth!$N29)*(1+Controls!H$28*Smooth!$O29)),2))} -> 19.69 | D29: {=IF(OR($A29="",3>Controls!$B$6),"",ROUND(MAX(0,Smooth!D29*Controls!D$17*INDEX(Controls!$B$21:$H$21,1,WEEKDAY($A29,2))*(1+Controls!$B$11)^27*(1+Controls!I$25*Smooth!$L29)*(1+Controls!I$26*Smooth!$M29)*(1+Controls!I$27*Smooth!$N29)*(1+Controls!I$28*Smooth!$O29)),2))} -> 23.86 | E29: {=IF(OR($A29="",4>Controls!$B$6),"",ROUND(MAX(0,Smooth!E29*Controls!E$17*INDEX(Controls!$B$21:$H$21,1,WEEKDAY($A29,2))*(1+Controls!$B$11)^27*(1+Controls!J$25*Smooth!$L29)*(1+Controls!J$26*Smooth!$M29)*(1+Controls!J$27*Smooth!$N29)*(1+Controls!J$28*Smooth!$O29)),2))} | F29: {=IF(OR($A29="",5>Controls!$B$6),"",ROUND(MAX(0,Smooth!F29*Controls!F$17*INDEX(Controls!$B$21:$H$21,1,WEEKDAY($A29,2))*(1+Controls!$B$11)^27*(1+Controls!K$25*Smooth!$L29)*(1+Controls!K$26*Smooth!$M29)*(1+Controls!K$27*Smooth!$N29)*(1+Controls!K$28*Smooth!$O29)),2))} | G29: {=IF(OR($A29="",6>Controls!$B$6),"",ROUND(MAX(0,Smooth!G29*Controls!G$17*INDEX(Controls!$B$21:$H$21,1,WEEKDAY($A29,2))*(1+Controls!$B$11)^27*(1+Controls!L$25*Smooth!$L29)*(1+Controls!L$26*Smooth!$M29)*(1+Controls!L$27*Smooth!$N29)*(1+Controls!L$28*Smooth!$O29)),2))} | H29: {=IF(OR($A29="",7>Controls!$B$6),"",ROUND(MAX(0,Smooth!H29*Controls!H$17*INDEX(Controls!$B$21:$H$21,1,WEEKDAY($A29,2))*(1+Controls!$B$11)^27*(1+Controls!M$25*Smooth!$L29)*(1+Controls!M$26*Smooth!$M29)*(1+Controls!M$27*Smooth!$N29)*(1+Controls!M$28*Smooth!$O29)),2))} | I29: {=IF(OR($A29="",8>Controls!$B$6),"",ROUND(MAX(0,Smooth!I29*Controls!I$17*INDEX(Controls!$B$21:$H$21,1,WEEKDAY($A29,2))*(1+Controls!$B$11)^27*(1+Controls!N$25*Smooth!$L29)*(1+Controls!N$26*Smooth!$M29)*(1+Controls!N$27*Smooth!$N29)*(1+Controls!N$28*Smooth!$O29)),2))} | J29: {=IF(OR($A29="",9>Controls!$B$6),"",ROUND(MAX(0,Smooth!J29*Controls!J$17*INDEX(Controls!$B$21:$H$21,1,WEEKDAY($A29,2))*(1+Controls!$B$11)^27*(1+Controls!O$25*Smooth!$L29)*(1+Controls!O$26*Smooth!$M29)*(1+Controls!O$27*Smooth!$N29)*(1+Controls!O$28*Smooth!$O29)),2))} | K29: {=IF(OR($A29="",10>Controls!$B$6),"",ROUND(MAX(0,Smooth!K29*Controls!K$17*INDEX(Controls!$B$21:$H$21,1,WEEKDAY($A29,2))*(1+Controls!$B$11)^27*(1+Controls!P$25*Smooth!$L29)*(1+Controls!P$26*Smooth!$M29)*(1+Controls!P$27*Smooth!$N29)*(1+Controls!P$28*Smooth!$O29)),2))} | L29: =IF(A29="","",SUM(B29:K29)) -> 58.58
A30: =IF(29<=Controls!$B$5,Controls!$B$4+28,"") -> 73019 | B30: {=IF(OR($A30="",1>Controls!$B$6),"",ROUND(MAX(0,Smooth!B30*Controls!B$17*INDEX(Controls!$B$21:$H$21,1,WEEKDAY($A30,2))*(1+Controls!$B$11)^28*(1+Controls!G$25*Smooth!$L30)*(1+Controls!G$26*Smooth!$M30)*(1+Controls!G$27*Smooth!$N30)*(1+Controls!G$28*Smooth!$O30)),2))} -> 43.54 | C30: {=IF(OR($A30="",2>Controls!$B$6),"",ROUND(MAX(0,Smooth!C30*Controls!C$17*INDEX(Controls!$B$21:$H$21,1,WEEKDAY($A30,2))*(1+Controls!$B$11)^28*(1+Controls!H$25*Smooth!$L30)*(1+Controls!H$26*Smooth!$M30)*(1+Controls!H$27*Smooth!$N30)*(1+Controls!H$28*Smooth!$O30)),2))} -> 42.8 | D30: {=IF(OR($A30="",3>Controls!$B$6),"",ROUND(MAX(0,Smooth!D30*Controls!D$17*INDEX(Controls!$B$21:$H$21,1,WEEKDAY($A30,2))*(1+Controls!$B$11)^28*(1+Controls!I$25*Smooth!$L30)*(1+Controls!I$26*Smooth!$M30)*(1+Controls!I$27*Smooth!$N30)*(1+Controls!I$28*Smooth!$O30)),2))} -> 52.56 | E30: {=IF(OR($A30="",4>Controls!$B$6),"",ROUND(MAX(0,Smooth!E30*Controls!E$17*INDEX(Controls!$B$21:$H$21,1,WEEKDAY($A30,2))*(1+Controls!$B$11)^28*(1+Controls!J$25*Smooth!$L30)*(1+Controls!J$26*Smooth!$M30)*(1+Controls!J$27*Smooth!$N30)*(1+Controls!J$28*Smooth!$O30)),2))} | F30: {=IF(OR($A30="",5>Controls!$B$6),"",ROUND(MAX(0,Smooth!F30*Controls!F$17*INDEX(Controls!$B$21:$H$21,1,WEEKDAY($A30,2))*(1+Controls!$B$11)^28*(1+Controls!K$25*Smooth!$L30)*(1+Controls!K$26*Smooth!$M30)*(1+Controls!K$27*Smooth!$N30)*(1+Controls!K$28*Smooth!$O30)),2))} | G30: {=IF(OR($A30="",6>Controls!$B$6),"",ROUND(MAX(0,Smooth!G30*Controls!G$17*INDEX(Controls!$B$21:$H$21,1,WEEKDAY($A30,2))*(1+Controls!$B$11)^28*(1+Controls!L$25*Smooth!$L30)*(1+Controls!L$26*Smooth!$M30)*(1+Controls!L$27*Smooth!$N30)*(1+Controls!L$28*Smooth!$O30)),2))} | H30: {=IF(OR($A30="",7>Controls!$B$6),"",ROUND(MAX(0,Smooth!H30*Controls!H$17*INDEX(Controls!$B$21:$H$21,1,WEEKDAY($A30,2))*(1+Controls!$B$11)^28*(1+Controls!M$25*Smooth!$L30)*(1+Controls!M$26*Smooth!$M30)*(1+Controls!M$27*Smooth!$N30)*(1+Controls!M$28*Smooth!$O30)),2))} | I30: {=IF(OR($A30="",8>Controls!$B$6),"",ROUND(MAX(0,Smooth!I30*Controls!I$17*INDEX(Controls!$B$21:$H$21,1,WEEKDAY($A30,2))*(1+Controls!$B$11)^28*(1+Controls!N$25*Smooth!$L30)*(1+Controls!N$26*Smooth!$M30)*(1+Controls!N$27*Smooth!$N30)*(1+Controls!N$28*Smooth!$O30)),2))} | J30: {=IF(OR($A30="",9>Controls!$B$6),"",ROUND(MAX(0,Smooth!J30*Controls!J$17*INDEX(Controls!$B$21:$H$21,1,WEEKDAY($A30,2))*(1+Controls!$B$11)^28*(1+Controls!O$25*Smooth!$L30)*(1+Controls!O$26*Smooth!$M30)*(1+Controls!O$27*Smooth!$N30)*(1+Controls!O$28*Smooth!$O30)),2))} | K30: {=IF(OR($A30="",10>Controls!$B$6),"",ROUND(MAX(0,Smooth!K30*Controls!K$17*INDEX(Controls!$B$21:$H$21,1,WEEKDAY($A30,2))*(1+Controls!$B$11)^28*(1+Controls!P$25*Smooth!$L30)*(1+Controls!P$26*Smooth!$M30)*(1+Controls!P$27*Smooth!$N30)*(1+Controls!P$28*Smooth!$O30)),2))} | L30: =IF(A30="","",SUM(B30:K30)) -> 138.9
A31: =IF(30<=Controls!$B$5,Controls!$B$4+29,"") -> 73020 | B31: {=IF(OR($A31="",1>Controls!$B$6),"",ROUND(MAX(0,Smooth!B31*Controls!B$17*INDEX(Controls!$B$21:$H$21,1,WEEKDAY($A31,2))*(1+Controls!$B$11)^29*(1+Controls!G$25*Smooth!$L31)*(1+Controls!G$26*Smooth!$M31)*(1+Controls!G$27*Smooth!$N31)*(1+Controls!G$28*Smooth!$O31)),2))} -> 53.9 | C31: {=IF(OR($A31="",2>Controls!$B$6),"",ROUND(MAX(0,Smooth!C31*Controls!C$17*INDEX(Controls!$B$21:$H$21,1,WEEKDAY($A31,2))*(1+Controls!$B$11)^29*(1+Controls!H$25*Smooth!$L31)*(1+Controls!H$26*Smooth!$M31)*(1+Controls!H$27*Smooth!$N31)*(1+Controls!H$28*Smooth!$O31)),2))} -> 56.44 | D31: {=IF(OR($A31="",3>Controls!$B$6),"",ROUND(MAX(0,Smooth!D31*Controls!D$17*INDEX(Controls!$B$21:$H$21,1,WEEKDAY($A31,2))*(1+Controls!$B$11)^29*(1+Controls!I$25*Smooth!$L31)*(1+Controls!I$26*Smooth!$M31)*(1+Controls!I$27*Smooth!$N31)*(1+Controls!I$28*Smooth!$O31)),2))} -> 65.2 | E31: {=IF(OR($A31="",4>Controls!$B$6),"",ROUND(MAX(0,Smooth!E31*Controls!E$17*INDEX(Controls!$B$21:$H$21,1,WEEKDAY($A31,2))*(1+Controls!$B$11)^29*(1+Controls!J$25*Smooth!$L31)*(1+Controls!J$26*Smooth!$M31)*(1+Controls!J$27*Smooth!$N31)*(1+Controls!J$28*Smooth!$O31)),2))} | F31: {=IF(OR($A31="",5>Controls!$B$6),"",ROUND(MAX(0,Smooth!F31*Controls!F$17*INDEX(Controls!$B$21:$H$21,1,WEEKDAY($A31,2))*(1+Controls!$B$11)^29*(1+Controls!K$25*Smooth!$L31)*(1+Controls!K$26*Smooth!$M31)*(1+Controls!K$27*Smooth!$N31)*(1+Controls!K$28*Smooth!$O31)),2))} | G31: {=IF(OR($A31="",6>Controls!$B$6),"",ROUND(MAX(0,Smooth!G31*Controls!G$17*INDEX(Controls!$B$21:$H$21,1,WEEKDAY($A31,2))*(1+Controls!$B$11)^29*(1+Controls!L$25*Smooth!$L31)*(1+Controls!L$26*Smooth!$M31)*(1+Controls!L$27*Smooth!$N31)*(1+Controls!L$28*Smooth!$O31)),2))} | H31: {=IF(OR($A31="",7>Controls!$B$6),"",ROUND(MAX(0,Smooth!H31*Controls!H$17*INDEX(Controls!$B$21:$H$21,1,WEEKDAY($A31,2))*(1+Controls!$B$11)^29*(1+Controls!M$25*Smooth!$L31)*(1+Controls!M$26*Smooth!$M31)*(1+Controls!M$27*Smooth!$N31)*(1+Controls!M$28*Smooth!$O31)),2))} | I31: {=IF(OR($A31="",8>Controls!$B$6),"",ROUND(MAX(0,Smooth!I31*Controls!I$17*INDEX(Controls!$B$21:$H$21,1,WEEKDAY($A31,2))*(1+Controls!$B$11)^29*(1+Controls!N$25*Smooth!$L31)*(1+Controls!N$26*Smooth!$M31)*(1+Controls!N$27*Smooth!$N31)*(1+Controls!N$28*Smooth!$O31)),2))} | J31: {=IF(OR($A31="",9>Controls!$B$6),"",ROUND(MAX(0,Smooth!J31*Controls!J$17*INDEX(Controls!$B$21:$H$21,1,WEEKDAY($A31,2))*(1+Controls!$B$11)^29*(1+Controls!O$25*Smooth!$L31)*(1+Controls!O$26*Smooth!$M31)*(1+Controls!O$27*Smooth!$N31)*(1+Controls!O$28*Smooth!$O31)),2))} | K31: {=IF(OR($A31="",10>Controls!$B$6),"",ROUND(MAX(0,Smooth!K31*Controls!K$17*INDEX(Controls!$B$21:$H$21,1,WEEKDAY($A31,2))*(1+Controls!$B$11)^29*(1+Controls!P$25*Smooth!$L31)*(1+Controls!P$26*Smooth!$M31)*(1+Controls!P$27*Smooth!$N31)*(1+Controls!P$28*Smooth!$O31)),2))} | L31: =IF(A31="","",SUM(B31:K31)) -> 175.54
A32: =IF(31<=Controls!$B$5,Controls!$B$4+30,"") -> 73021 | B32: {=IF(OR($A32="",1>Controls!$B$6),"",ROUND(MAX(0,Smooth!B32*Controls!B$17*INDEX(Controls!$B$21:$H$21,1,WEEKDAY($A32,2))*(1+Controls!$B$11)^30*(1+Controls!G$25*Smooth!$L32)*(1+Controls!G$26*Smooth!$M32)*(1+Controls!G$27*Smooth!$N32)*(1+Controls!G$28*Smooth!$O32)),2))} -> 43.67 | C32: {=IF(OR($A32="",2>Controls!$B$6),"",ROUND(MAX(0,Smooth!C32*Controls!C$17*INDEX(Controls!$B$21:$H$21,1,WEEKDAY($A32,2))*(1+Controls!$B$11)^30*(1+Controls!H$25*Smooth!$L32)*(1+Controls!H$26*Smooth!$M32)*(1+Controls!H$27*Smooth!$N32)*(1+Controls!H$28*Smooth!$O32)),2))} -> 73.89 | D32: {=IF(OR($A32="",3>Controls!$B$6),"",ROUND(MAX(0,Smooth!D32*Controls!D$17*INDEX(Controls!$B$21:$H$21,1,WEEKDAY($A32,2))*(1+Controls!$B$11)^30*(1+Controls!I$25*Smooth!$L32)*(1+Controls!I$26*Smooth!$M32)*(1+Controls!I$27*Smooth!$N32)*(1+Controls!I$28*Smooth!$O32)),2))} -> 69.87 | E32: {=IF(OR($A32="",4>Controls!$B$6),"",ROUND(MAX(0,Smooth!E32*Controls!E$17*INDEX(Controls!$B$21:$H$21,1,WEEKDAY($A32,2))*(1+Controls!$B$11)^30*(1+Controls!J$25*Smooth!$L32)*(1+Controls!J$26*Smooth!$M32)*(1+Controls!J$27*Smooth!$N32)*(1+Controls!J$28*Smooth!$O32)),2))} | F32: {=IF(OR($A32="",5>Controls!$B$6),"",ROUND(MAX(0,Smooth!F32*Controls!F$17*INDEX(Controls!$B$21:$H$21,1,WEEKDAY($A32,2))*(1+Controls!$B$11)^30*(1+Controls!K$25*Smooth!$L32)*(1+Controls!K$26*Smooth!$M32)*(1+Controls!K$27*Smooth!$N32)*(1+Controls!K$28*Smooth!$O32)),2))} | G32: {=IF(OR($A32="",6>Controls!$B$6),"",ROUND(MAX(0,Smooth!G32*Controls!G$17*INDEX(Controls!$B$21:$H$21,1,WEEKDAY($A32,2))*(1+Controls!$B$11)^30*(1+Controls!L$25*Smooth!$L32)*(1+Controls!L$26*Smooth!$M32)*(1+Controls!L$27*Smooth!$N32)*(1+Controls!L$28*Smooth!$O32)),2))} | H32: {=IF(OR($A32="",7>Controls!$B$6),"",ROUND(MAX(0,Smooth!H32*Controls!H$17*INDEX(Controls!$B$21:$H$21,1,WEEKDAY($A32,2))*(1+Controls!$B$11)^30*(1+Controls!M$25*Smooth!$L32)*(1+Controls!M$26*Smooth!$M32)*(1+Controls!M$27*Smooth!$N32)*(1+Controls!M$28*Smooth!$O32)),2))} | I32: {=IF(OR($A32="",8>Controls!$B$6),"",ROUND(MAX(0,Smooth!I32*Controls!I$17*INDEX(Controls!$B$21:$H$21,1,WEEKDAY($A32,2))*(1+Controls!$B$11)^30*(1+Controls!N$25*Smooth!$L32)*(1+Controls!N$26*Smooth!$M32)*(1+Controls!N$27*Smooth!$N32)*(1+Controls!N$28*Smooth!$O32)),2))} | J32: {=IF(OR($A32="",9>Controls!$B$6),"",ROUND(MAX(0,Smooth!J32*Controls!J$17*INDEX(Controls!$B$21:$H$21,1,WEEKDAY($A32,2))*(1+Controls!$B$11)^30*(1+Controls!O$25*Smooth!$L32)*(1+Controls!O$26*Smooth!$M32)*(1+Controls!O$27*Smooth!$N32)*(1+Controls!O$28*Smooth!$O32)),2))} | K32: {=IF(OR($A32="",10>Controls!$B$6),"",ROUND(MAX(0,Smooth!K32*Controls!K$17*INDEX(Controls!$B$21:$H$21,1,WEEKDAY($A32,2))*(1+Controls!$B$11)^30*(1+Controls!P$25*Smooth!$L32)*(1+Controls!P$26*Smooth!$M32)*(1+Controls!P$27*Smooth!$N32)*(1+Controls!P$28*Smooth!$O32)),2))} | L32: =IF(A32="","",SUM(B32:K32)) -> 187.43
A33: =IF(32<=Controls!$B$5,Controls!$B$4+31,"") -> 73022 | B33: {=IF(OR($A33="",1>Controls!$B$6),"",ROUND(MAX(0,Smooth!B33*Controls!B$17*INDEX(Controls!$B$21:$H$21,1,WEEKDAY($A33,2))*(1+Controls!$B$11)^31*(1+Controls!G$25*Smooth!$L33)*(1+Controls!G$26*Smooth!$M33)*(1+Controls!G$27*Smooth!$N33)*(1+Controls!G$28*Smooth!$O33)),2))} -> 59.06 | C33: {=IF(OR($A33="",2>Controls!$B$6),"",ROUND(MAX(0,Smooth!C33*Controls!C$17*INDEX(Controls!$B$21:$H$21,1,WEEKDAY($A33,2))*(1+Controls!$B$11)^31*(1+Controls!H$25*Smooth!$L33)*(1+Controls!H$26*Smooth!$M33)*(1+Controls!H$27*Smooth!$N33)*(1+Controls!H$28*Smooth!$O33)),2))} -> 90.26 | D33: {=IF(OR($A33="",3>Controls!$B$6),"",ROUND(MAX(0,Smooth!D33*Controls!D$17*INDEX(Controls!$B$21:$H$21,1,WEEKDAY($A33,2))*(1+Controls!$B$11)^31*(1+Controls!I$25*Smooth!$L33)*(1+Controls!I$26*Smooth!$M33)*(1+Controls!I$27*Smooth!$N33)*(1+Controls!I$28*Smooth!$O33)),2))} -> 86.61 | E33: {=IF(OR($A33="",4>Controls!$B$6),"",ROUND(MAX(0,Smooth!E33*Controls!E$17*INDEX(Controls!$B$21:$H$21,1,WEEKDAY($A33,2))*(1+Controls!$B$11)^31*(1+Controls!J$25*Smooth!$L33)*(1+Controls!J$26*Smooth!$M33)*(1+Controls!J$27*Smooth!$N33)*(1+Controls!J$28*Smooth!$O33)),2))} | F33: {=IF(OR($A33="",5>Controls!$B$6),"",ROUND(MAX(0,Smooth!F33*Controls!F$17*INDEX(Controls!$B$21:$H$21,1,WEEKDAY($A33,2))*(1+Controls!$B$11)^31*(1+Controls!K$25*Smooth!$L33)*(1+Controls!K$26*Smooth!$M33)*(1+Controls!K$27*Smooth!$N33)*(1+Controls!K$28*Smooth!$O33)),2))} | G33: {=IF(OR($A33="",6>Controls!$B$6),"",ROUND(MAX(0,Smooth!G33*Controls!G$17*INDEX(Controls!$B$21:$H$21,1,WEEKDAY($A33,2))*(1+Controls!$B$11)^31*(1+Controls!L$25*Smooth!$L33)*(1+Controls!L$26*Smooth!$M33)*(1+Controls!L$27*Smooth!$N33)*(1+Controls!L$28*Smooth!$O33)),2))} | H33: {=IF(OR($A33="",7>Controls!$B$6),"",ROUND(MAX(0,Smooth!H33*Controls!H$17*INDEX(Controls!$B$21:$H$21,1,WEEKDAY($A33,2))*(1+Controls!$B$11)^31*(1+Controls!M$25*Smooth!$L33)*(1+Controls!M$26*Smooth!$M33)*(1+Controls!M$27*Smooth!$N33)*(1+Controls!M$28*Smooth!$O33)),2))} | I33: {=IF(OR($A33="",8>Controls!$B$6),"",ROUND(MAX(0,Smooth!I33*Controls!I$17*INDEX(Controls!$B$21:$H$21,1,WEEKDAY($A33,2))*(1+Controls!$B$11)^31*(1+Controls!N$25*Smooth!$L33)*(1+Controls!N$26*Smooth!$M33)*(1+Controls!N$27*Smooth!$N33)*(1+Controls!N$28*Smooth!$O33)),2))} | J33: {=IF(OR($A33="",9>Controls!$B$6),"",ROUND(MAX(0,Smooth!J33*Controls!J$17*INDEX(Controls!$B$21:$H$21,1,WEEKDAY($A33,2))*(1+Controls!$B$11)^31*(1+Controls!O$25*Smooth!$L33)*(1+Controls!O$26*Smooth!$M33)*(1+Controls!O$27*Smooth!$N33)*(1+Controls!O$28*Smooth!$O33)),2))} | K33: {=IF(OR($A33="",10>Controls!$B$6),"",ROUND(MAX(0,Smooth!K33*Controls!K$17*INDEX(Controls!$B$21:$H$21,1,WEEKDAY($A33,2))*(1+Controls!$B$11)^31*(1+Controls!P$25*Smooth!$L33)*(1+Controls!P$26*Smooth!$M33)*(1+Controls!P$27*Smooth!$N33)*(1+Controls!P$28*Smooth!$O33)),2))} | L33: =IF(A33="","",SUM(B33:K33)) -> 235.93
A34: =IF(33<=Controls!$B$5,Controls!$B$4+32,"") -> 73023 | B34: {=IF(OR($A34="",1>Controls!$B$6),"",ROUND(MAX(0,Smooth!B34*Controls!B$17*INDEX(Controls!$B$21:$H$21,1,WEEKDAY($A34,2))*(1+Controls!$B$11)^32*(1+Controls!G$25*Smooth!$L34)*(1+Controls!G$26*Smooth!$M34)*(1+Controls!G$27*Smooth!$N34)*(1+Controls!G$28*Smooth!$O34)),2))} -> 52.69 | C34: {=IF(OR($A34="",2>Controls!$B$6),"",ROUND(MAX(0,Smooth!C34*Controls!C$17*INDEX(Controls!$B$21:$H$21,1,WEEKDAY($A34,2))*(1+Controls!$B$11)^32*(1+Controls!H$25*Smooth!$L34)*(1+Controls!H$26*Smooth!$M34)*(1+Controls!H$27*Smooth!$N34)*(1+Controls!H$28*Smooth!$O34)),2))} -> 98.86 | D34: {=IF(OR($A34="",3>Controls!$B$6),"",ROUND(MAX(0,Smooth!D34*Controls!D$17*INDEX(Controls!$B$21:$H$21,1,WEEKDAY($A34,2))*(1+Controls!$B$11)^32*(1+Controls!I$25*Smooth!$L34)*(1+Controls!I$26*Smooth!$M34)*(1+Controls!I$27*Smooth!$N34)*(1+Controls!I$28*Smooth!$O34)),2))} -> 95.18 | E34: {=IF(OR($A34="",4>Controls!$B$6),"",ROUND(MAX(0,Smooth!E34*Controls!E$17*INDEX(Controls!$B$21:$H$21,1,WEEKDAY($A34,2))*(1+Controls!$B$11)^32*(1+Controls!J$25*Smooth!$L34)*(1+Controls!J$26*Smooth!$M34)*(1+Controls!J$27*Smooth!$N34)*(1+Controls!J$28*Smooth!$O34)),2))} | F34: {=IF(OR($A34="",5>Controls!$B$6),"",ROUND(MAX(0,Smooth!F34*Controls!F$17*INDEX(Controls!$B$21:$H$21,1,WEEKDAY($A34,2))*(1+Controls!$B$11)^32*(1+Controls!K$25*Smooth!$L34)*(1+Controls!K$26*Smooth!$M34)*(1+Controls!K$27*Smooth!$N34)*(1+Controls!K$28*Smooth!$O34)),2))} | G34: {=IF(OR($A34="",6>Controls!$B$6),"",ROUND(MAX(0,Smooth!G34*Controls!G$17*INDEX(Controls!$B$21:$H$21,1,WEEKDAY($A34,2))*(1+Controls!$B$11)^32*(1+Controls!L$25*Smooth!$L34)*(1+Controls!L$26*Smooth!$M34)*(1+Controls!L$27*Smooth!$N34)*(1+Controls!L$28*Smooth!$O34)),2))} | H34: {=IF(OR($A34="",7>Controls!$B$6),"",ROUND(MAX(0,Smooth!H34*Controls!H$17*INDEX(Controls!$B$21:$H$21,1,WEEKDAY($A34,2))*(1+Controls!$B$11)^32*(1+Controls!M$25*Smooth!$L34)*(1+Controls!M$26*Smooth!$M34)*(1+Controls!M$27*Smooth!$N34)*(1+Controls!M$28*Smooth!$O34)),2))} | I34: {=IF(OR($A34="",8>Controls!$B$6),"",ROUND(MAX(0,Smooth!I34*Controls!I$17*INDEX(Controls!$B$21:$H$21,1,WEEKDAY($A34,2))*(1+Controls!$B$11)^32*(1+Controls!N$25*Smooth!$L34)*(1+Controls!N$26*Smooth!$M34)*(1+Controls!N$27*Smooth!$N34)*(1+Controls!N$28*Smooth!$O34)),2))} | J34: {=IF(OR($A34="",9>Controls!$B$6),"",ROUND(MAX(0,Smooth!J34*Controls!J$17*INDEX(Controls!$B$21:$H$21,1,WEEKDAY($A34,2))*(1+Controls!$B$11)^32*(1+Controls!O$25*Smooth!$L34)*(1+Controls!O$26*Smooth!$M34)*(1+Controls!O$27*Smooth!$N34)*(1+Controls!O$28*Smooth!$O34)),2))} | K34: {=IF(OR($A34="",10>Controls!$B$6),"",ROUND(MAX(0,Smooth!K34*Controls!K$17*INDEX(Controls!$B$21:$H$21,1,WEEKDAY($A34,2))*(1+Controls!$B$11)^32*(1+Controls!P$25*Smooth!$L34)*(1+Controls!P$26*Smooth!$M34)*(1+Controls!P$27*Smooth!$N34)*(1+Controls!P$28*Smooth!$O34)),2))} | L34: =IF(A34="","",SUM(B34:K34)) -> 246.73
A35: =IF(34<=Controls!$B$5,Controls!$B$4+33,"") -> 73024 | B35: {=IF(OR($A35="",1>Controls!$B$6),"",ROUND(MAX(0,Smooth!B35*Controls!B$17*INDEX(Controls!$B$21:$H$21,1,WEEKDAY($A35,2))*(1+Controls!$B$11)^33*(1+Controls!G$25*Smooth!$L35)*(1+Controls!G$26*Smooth!$M35)*(1+Controls!G$27*Smooth!$N35)*(1+Controls!G$28*Smooth!$O35)),2))} -> 36.85 | C35: {=IF(OR($A35="",2>Controls!$B$6),"",ROUND(MAX(0,Smooth!C35*Controls!C$17*INDEX(Controls!$B$21:$H$21,1,WEEKDAY($A35,2))*(1+Controls!$B$11)^33*(1+Controls!H$25*Smooth!$L35)*(1+Controls!H$26*Smooth!$M35)*(1+Controls!H$27*Smooth!$N35)*(1+Controls!H$28*Smooth!$O35)),2))} -> 62.5 | D35: {=IF(OR($A35="",3>Controls!$B$6),"",ROUND(MAX(0,Smooth!D35*Controls!D$17*INDEX(Controls!$B$21:$H$21,1,WEEKDAY($A35,2))*(1+Controls!$B$11)^33*(1+Controls!I$25*Smooth!$L35)*(1+Controls!I$26*Smooth!$M35)*(1+Controls!I$27*Smooth!$N35)*(1+Controls!I$28*Smooth!$O35)),2))} -> 64.29 | E35: {=IF(OR($A35="",4>Controls!$B$6),"",ROUND(MAX(0,Smooth!E35*Controls!E$17*INDEX(Controls!$B$21:$H$21,1,WEEKDAY($A35,2))*(1+Controls!$B$11)^33*(1+Controls!J$25*Smooth!$L35)*(1+Controls!J$26*Smooth!$M35)*(1+Controls!J$27*Smooth!$N35)*(1+Controls!J$28*Smooth!$O35)),2))} | F35: {=IF(OR($A35="",5>Controls!$B$6),"",ROUND(MAX(0,Smooth!F35*Controls!F$17*INDEX(Controls!$B$21:$H$21,1,WEEKDAY($A35,2))*(1+Controls!$B$11)^33*(1+Controls!K$25*Smooth!$L35)*(1+Controls!K$26*Smooth!$M35)*(1+Controls!K$27*Smooth!$N35)*(1+Controls!K$28*Smooth!$O35)),2))} | G35: {=IF(OR($A35="",6>Controls!$B$6),"",ROUND(MAX(0,Smooth!G35*Controls!G$17*INDEX(Controls!$B$21:$H$21,1,WEEKDAY($A35,2))*(1+Controls!$B$11)^33*(1+Controls!L$25*Smooth!$L35)*(1+Controls!L$26*Smooth!$M35)*(1+Controls!L$27*Smooth!$N35)*(1+Controls!L$28*Smooth!$O35)),2))} | H35: {=IF(OR($A35="",7>Controls!$B$6),"",ROUND(MAX(0,Smooth!H35*Controls!H$17*INDEX(Controls!$B$21:$H$21,1,WEEKDAY($A35,2))*(1+Controls!$B$11)^33*(1+Controls!M$25*Smooth!$L35)*(1+Controls!M$26*Smooth!$M35)*(1+Controls!M$27*Smooth!$N35)*(1+Controls!M$28*Smooth!$O35)),2))} | I35: {=IF(OR($A35="",8>Controls!$B$6),"",ROUND(MAX(0,Smooth!I35*Controls!I$17*INDEX(Controls!$B$21:$H$21,1,WEEKDAY($A35,2))*(1+Controls!$B$11)^33*(1+Controls!N$25*Smooth!$L35)*(1+Controls!N$26*Smooth!$M35)*(1+Controls!N$27*Smooth!$N35)*(1+Controls!N$28*Smooth!$O35)),2))} | J35: {=IF(OR($A35="",9>Controls!$B$6),"",ROUND(MAX(0,Smooth!J35*Controls!J$17*INDEX(Controls!$B$21:$H$21,1,WEEKDAY($A35,2))*(1+Controls!$B$11)^33*(1+Controls!O$25*Smooth!$L35)*(1+Controls!O$26*Smooth!$M35)*(1+Controls!O$27*Smooth!$N35)*(1+Controls!O$28*Smooth!$O35)),2))} | K35: {=IF(OR($A35="",10>Controls!$B$6),"",ROUND(MAX(0,Smooth!K35*Controls!K$17*INDEX(Controls!$B$21:$H$21,1,WEEKDAY($A35,2))*(1+Controls!$B$11)^33*(1+Controls!P$25*Smooth!$L35)*(1+Controls!P$26*Smooth!$M35)*(1+Controls!P$27*Smooth!$N35)*(1+Controls!P$28*Smooth!$O35)),2))} | L35: =IF(A35="","",SUM(B35:K35)) -> 163.64
A36: =IF(35<=Controls!$B$5,Controls!$B$4+34,"") -> 73025 | B36: {=IF(OR($A36="",1>Controls!$B$6),"",ROUND(MAX(0,Smooth!B36*Controls!B$17*INDEX(Controls!$B$21:$H$21,1,WEEKDAY($A36,2))*(1+Controls!$B$11)^34*(1+Controls!G$25*Smooth!$L36)*(1+Controls!G$26*Smooth!$M36)*(1+Controls!G$27*Smooth!$N36)*(1+Controls!G$28*Smooth!$O36)),2))} -> 23.57 | C36: {=IF(OR($A36="",2>Controls!$B$6),"",ROUND(MAX(0,Smooth!C36*Controls!C$17*INDEX(Controls!$B$21:$H$21,1,WEEKDAY($A36,2))*(1+Controls!$B$11)^34*(1+Controls!H$25*Smooth!$L36)*(1+Controls!H$26*Smooth!$M36)*(1+Controls!H$27*Smooth!$N36)*(1+Controls!H$28*Smooth!$O36)),2))} -> 19.04 | D36: {=IF(OR($A36="",3>Controls!$B$6),"",ROUND(MAX(0,Smooth!D36*Controls!D$17*INDEX(Controls!$B$21:$H$21,1,WEEKDAY($A36,2))*(1+Controls!$B$11)^34*(1+Controls!I$25*Smooth!$L36)*(1+Controls!I$26*Smooth!$M36)*(1+Controls!I$27*Smooth!$N36)*(1+Controls!I$28*Smooth!$O36)),2))} -> 26.45 | E36: {=IF(OR($A36="",4>Controls!$B$6),"",ROUND(MAX(0,Smooth!E36*Controls!E$17*INDEX(Controls!$B$21:$H$21,1,WEEKDAY($A36,2))*(1+Controls!$B$11)^34*(1+Controls!J$25*Smooth!$L36)*(1+Controls!J$26*Smooth!$M36)*(1+Controls!J$27*Smooth!$N36)*(1+Controls!J$28*Smooth!$O36)),2))} | F36: {=IF(OR($A36="",5>Controls!$B$6),"",ROUND(MAX(0,Smooth!F36*Controls!F$17*INDEX(Controls!$B$21:$H$21,1,WEEKDAY($A36,2))*(1+Controls!$B$11)^34*(1+Controls!K$25*Smooth!$L36)*(1+Controls!K$26*Smooth!$M36)*(1+Controls!K$27*Smooth!$N36)*(1+Controls!K$28*Smooth!$O36)),2))} | G36: {=IF(OR($A36="",6>Controls!$B$6),"",ROUND(MAX(0,Smooth!G36*Controls!G$17*INDEX(Controls!$B$21:$H$21,1,WEEKDAY($A36,2))*(1+Controls!$B$11)^34*(1+Controls!L$25*Smooth!$L36)*(1+Controls!L$26*Smooth!$M36)*(1+Controls!L$27*Smooth!$N36)*(1+Controls!L$28*Smooth!$O36)),2))} | H36: {=IF(OR($A36="",7>Controls!$B$6),"",ROUND(MAX(0,Smooth!H36*Controls!H$17*INDEX(Controls!$B$21:$H$21,1,WEEKDAY($A36,2))*(1+Controls!$B$11)^34*(1+Controls!M$25*Smooth!$L36)*(1+Controls!M$26*Smooth!$M36)*(1+Controls!M$27*Smooth!$N36)*(1+Controls!M$28*Smooth!$O36)),2))} | I36: {=IF(OR($A36="",8>Controls!$B$6),"",ROUND(MAX(0,Smooth!I36*Controls!I$17*INDEX(Controls!$B$21:$H$21,1,WEEKDAY($A36,2))*(1+Controls!$B$11)^34*(1+Controls!N$25*Smooth!$L36)*(1+Controls!N$26*Smooth!$M36)*(1+Controls!N$27*Smooth!$N36)*(1+Controls!N$28*Smooth!$O36)),2))} | J36: {=IF(OR($A36="",9>Controls!$B$6),"",ROUND(MAX(0,Smooth!J36*Controls!J$17*INDEX(Controls!$B$21:$H$21,1,WEEKDAY($A36,2))*(1+Controls!$B$11)^34*(1+Controls!O$25*Smooth!$L36)*(1+Controls!O$26*Smooth!$M36)*(1+Controls!O$27*Smooth!$N36)*(1+Controls!O$28*Smooth!$O36)),2))} | K36: {=IF(OR($A36="",10>Controls!$B$6),"",ROUND(MAX(0,Smooth!K36*Controls!K$17*INDEX(Controls!$B$21:$H$21,1,WEEKDAY($A36,2))*(1+Controls!$B$11)^34*(1+Controls!P$25*Smooth!$L36)*(1+Controls!P$26*Smooth!$M36)*(1+Controls!P$27*Smooth!$N36)*(1+Controls!P$28*Smooth!$O36)),2))} | L36: =IF(A36="","",SUM(B36:K36)) -> 69.06
A37: =IF(36<=Controls!$B$5,Controls!$B$4+35,"") -> 73026 | B37: {=IF(OR($A37="",1>Controls!$B$6),"",ROUND(MAX(0,Smooth!B37*Controls!B$17*INDEX(Controls!$B$21:$H$21,1,WEEKDAY($A37,2))*(1+Controls!$B$11)^35*(1+Controls!G$25*Smooth!$L37)*(1+Controls!G$26*Smooth!$M37)*(1+Controls!G$27*Smooth!$N37)*(1+Controls!G$28*Smooth!$O37)),2))} -> 51.6 | C37: {=IF(OR($A37="",2>Controls!$B$6),"",ROUND(MAX(0,Smooth!C37*Controls!C$17*INDEX(Controls!$B$21:$H$21,1,WEEKDAY($A37,2))*(1+Controls!$B$11)^35*(1+Controls!H$25*Smooth!$L37)*(1+Controls!H$26*Smooth!$M37)*(1+Controls!H$27*Smooth!$N37)*(1+Controls!H$28*Smooth!$O37)),2))} -> 41.71 | D37: {=IF(OR($A37="",3>Controls!$B$6),"",ROUND(MAX(0,Smooth!D37*Controls!D$17*INDEX(Controls!$B$21:$H$21,1,WEEKDAY($A37,2))*(1+Controls!$B$11)^35*(1+Controls!I$25*Smooth!$L37)*(1+Controls!I$26*Smooth!$M37)*(1+Controls!I$27*Smooth!$N37)*(1+Controls!I$28*Smooth!$O37)),2))} -> 66.41 | E37: {=IF(OR($A37="",4>Controls!$B$6),"",ROUND(MAX(0,Smooth!E37*Controls!E$17*INDEX(Controls!$B$21:$H$21,1,WEEKDAY($A37,2))*(1+Controls!$B$11)^35*(1+Controls!J$25*Smooth!$L37)*(1+Controls!J$26*Smooth!$M37)*(1+Controls!J$27*Smooth!$N37)*(1+Controls!J$28*Smooth!$O37)),2))} | F37: {=IF(OR($A37="",5>Controls!$B$6),"",ROUND(MAX(0,Smooth!F37*Controls!F$17*INDEX(Controls!$B$21:$H$21,1,WEEKDAY($A37,2))*(1+Controls!$B$11)^35*(1+Controls!K$25*Smooth!$L37)*(1+Controls!K$26*Smooth!$M37)*(1+Controls!K$27*Smooth!$N37)*(1+Controls!K$28*Smooth!$O37)),2))} | G37: {=IF(OR($A37="",6>Controls!$B$6),"",ROUND(MAX(0,Smooth!G37*Controls!G$17*INDEX(Controls!$B$21:$H$21,1,WEEKDAY($A37,2))*(1+Controls!$B$11)^35*(1+Controls!L$25*Smooth!$L37)*(1+Controls!L$26*Smooth!$M37)*(1+Controls!L$27*Smooth!$N37)*(1+Controls!L$28*Smooth!$O37)),2))} | H37: {=IF(OR($A37="",7>Controls!$B$6),"",ROUND(MAX(0,Smooth!H37*Controls!H$17*INDEX(Controls!$B$21:$H$21,1,WEEKDAY($A37,2))*(1+Controls!$B$11)^35*(1+Controls!M$25*Smooth!$L37)*(1+Controls!M$26*Smooth!$M37)*(1+Controls!M$27*Smooth!$N37)*(1+Controls!M$28*Smooth!$O37)),2))} | I37: {=IF(OR($A37="",8>Controls!$B$6),"",ROUND(MAX(0,Smooth!I37*Controls!I$17*INDEX(Controls!$B$21:$H$21,1,WEEKDAY($A37,2))*(1+Controls!$B$11)^35*(1+Controls!N$25*Smooth!$L37)*(1+Controls!N$26*Smooth!$M37)*(1+Controls!N$27*Smooth!$N37)*(1+Controls!N$28*Smooth!$O37)),2))} | J37: {=IF(OR($A37="",9>Controls!$B$6),"",ROUND(MAX(0,Smooth!J37*Controls!J$17*INDEX(Controls!$B$21:$H$21,1,WEEKDAY($A37,2))*(1+Controls!$B$11)^35*(1+Controls!O$25*Smooth!$L37)*(1+Controls!O$26*Smooth!$M37)*(1+Controls!O$27*Smooth!$N37)*(1+Controls!O$28*Smooth!$O37)),2))} | K37: {=IF(OR($A37="",10>Controls!$B$6),"",ROUND(MAX(0,Smooth!K37*Controls!K$17*INDEX(Controls!$B$21:$H$21,1,WEEKDAY($A37,2))*(1+Controls!$B$11)^35*(1+Controls!P$25*Smooth!$L37)*(1+Controls!P$26*Smooth!$M37)*(1+Controls!P$27*Smooth!$N37)*(1+Controls!P$28*Smooth!$O37)),2))} | L37: =IF(A37="","",SUM(B37:K37)) -> 159.72
A38: =IF(37<=Controls!$B$5,Controls!$B$4+36,"") -> 73027 | B38: {=IF(OR($A38="",1>Controls!$B$6),"",ROUND(MAX(0,Smooth!B38*Controls!B$17*INDEX(Controls!$B$21:$H$21,1,WEEKDAY($A38,2))*(1+Controls!$B$11)^36*(1+Controls!G$25*Smooth!$L38)*(1+Controls!G$26*Smooth!$M38)*(1+Controls!G$27*Smooth!$N38)*(1+Controls!G$28*Smooth!$O38)),2))} -> 56.87 | C38: {=IF(OR($A38="",2>Controls!$B$6),"",ROUND(MAX(0,Smooth!C38*Controls!C$17*INDEX(Controls!$B$21:$H$21,1,WEEKDAY($A38,2))*(1+Controls!$B$11)^36*(1+Controls!H$25*Smooth!$L38)*(1+Controls!H$26*Smooth!$M38)*(1+Controls!H$27*Smooth!$N38)*(1+Controls!H$28*Smooth!$O38)),2))} -> 44.14 | D38: {=IF(OR($A38="",3>Controls!$B$6),"",ROUND(MAX(0,Smooth!D38*Controls!D$17*INDEX(Controls!$B$21:$H$21,1,WEEKDAY($A38,2))*(1+Controls!$B$11)^36*(1+Controls!I$25*Smooth!$L38)*(1+Controls!I$26*Smooth!$M38)*(1+Controls!I$27*Smooth!$N38)*(1+Controls!I$28*Smooth!$O38)),2))} -> 70.64 | E38: {=IF(OR($A38="",4>Controls!$B$6),"",ROUND(MAX(0,Smooth!E38*Controls!E$17*INDEX(Controls!$B$21:$H$21,1,WEEKDAY($A38,2))*(1+Controls!$B$11)^36*(1+Controls!J$25*Smooth!$L38)*(1+Controls!J$26*Smooth!$M38)*(1+Controls!J$27*Smooth!$N38)*(1+Controls!J$28*Smooth!$O38)),2))} | F38: {=IF(OR($A38="",5>Controls!$B$6),"",ROUND(MAX(0,Smooth!F38*Controls!F$17*INDEX(Controls!$B$21:$H$21,1,WEEKDAY($A38,2))*(1+Controls!$B$11)^36*(1+Controls!K$25*Smooth!$L38)*(1+Controls!K$26*Smooth!$M38)*(1+Controls!K$27*Smooth!$N38)*(1+Controls!K$28*Smooth!$O38)),2))} | G38: {=IF(OR($A38="",6>Controls!$B$6),"",ROUND(MAX(0,Smooth!G38*Controls!G$17*INDEX(Controls!$B$21:$H$21,1,WEEKDAY($A38,2))*(1+Controls!$B$11)^36*(1+Controls!L$25*Smooth!$L38)*(1+Controls!L$26*Smooth!$M38)*(1+Controls!L$27*Smooth!$N38)*(1+Controls!L$28*Smooth!$O38)),2))} | H38: {=IF(OR($A38="",7>Controls!$B$6),"",ROUND(MAX(0,Smooth!H38*Controls!H$17*INDEX(Controls!$B$21:$H$21,1,WEEKDAY($A38,2))*(1+Controls!$B$11)^36*(1+Controls!M$25*Smooth!$L38)*(1+Controls!M$26*Smooth!$M38)*(1+Controls!M$27*Smooth!$N38)*(1+Controls!M$28*Smooth!$O38)),2))} | I38: {=IF(OR($A38="",8>Controls!$B$6),"",ROUND(MAX(0,Smooth!I38*Controls!I$17*INDEX(Controls!$B$21:$H$21,1,WEEKDAY($A38,2))*(1+Controls!$B$11)^36*(1+Controls!N$25*Smooth!$L38)*(1+Controls!N$26*Smooth!$M38)*(1+Controls!N$27*Smooth!$N38)*(1+Controls!N$28*Smooth!$O38)),2))} | J38: {=IF(OR($A38="",9>Controls!$B$6),"",ROUND(MAX(0,Smooth!J38*Controls!J$17*INDEX(Controls!$B$21:$H$21,1,WEEKDAY($A38,2))*(1+Controls!$B$11)^36*(1+Controls!O$25*Smooth!$L38)*(1+Controls!O$26*Smooth!$M38)*(1+Controls!O$27*Smooth!$N38)*(1+Controls!O$28*Smooth!$O38)),2))} | K38: {=IF(OR($A38="",10>Controls!$B$6),"",ROUND(MAX(0,Smooth!K38*Controls!K$17*INDEX(Controls!$B$21:$H$21,1,WEEKDAY($A38,2))*(1+Controls!$B$11)^36*(1+Controls!P$25*Smooth!$L38)*(1+Controls!P$26*Smooth!$M38)*(1+Controls!P$27*Smooth!$N38)*(1+Controls!P$28*Smooth!$O38)),2))} | L38: =IF(A38="","",SUM(B38:K38)) -> 171.65
A39: =IF(38<=Controls!$B$5,Controls!$B$4+37,"") -> 73028 | B39: {=IF(OR($A39="",1>Controls!$B$6),"",ROUND(MAX(0,Smooth!B39*Controls!B$17*INDEX(Controls!$B$21:$H$21,1,WEEKDAY($A39,2))*(1+Controls!$B$11)^37*(1+Controls!G$25*Smooth!$L39)*(1+Controls!G$26*Smooth!$M39)*(1+Controls!G$27*Smooth!$N39)*(1+Controls!G$28*Smooth!$O39)),2))} -> 48.32 | C39: {=IF(OR($A39="",2>Controls!$B$6),"",ROUND(MAX(0,Smooth!C39*Controls!C$17*INDEX(Controls!$B$21:$H$21,1,WEEKDAY($A39,2))*(1+Controls!$B$11)^37*(1+Controls!H$25*Smooth!$L39)*(1+Controls!H$26*Smooth!$M39)*(1+Controls!H$27*Smooth!$N39)*(1+Controls!H$28*Smooth!$O39)),2))} -> 41.77 | D39: {=IF(OR($A39="",3>Controls!$B$6),"",ROUND(MAX(0,Smooth!D39*Controls!D$17*INDEX(Controls!$B$21:$H$21,1,WEEKDAY($A39,2))*(1+Controls!$B$11)^37*(1+Controls!I$25*Smooth!$L39)*(1+Controls!I$26*Smooth!$M39)*(1+Controls!I$27*Smooth!$N39)*(1+Controls!I$28*Smooth!$O39)),2))} -> 69.05 | E39: {=IF(OR($A39="",4>Controls!$B$6),"",ROUND(MAX(0,Smooth!E39*Controls!E$17*INDEX(Controls!$B$21:$H$21,1,WEEKDAY($A39,2))*(1+Controls!$B$11)^37*(1+Controls!J$25*Smooth!$L39)*(1+Controls!J$26*Smooth!$M39)*(1+Controls!J$27*Smooth!$N39)*(1+Controls!J$28*Smooth!$O39)),2))} | F39: {=IF(OR($A39="",5>Controls!$B$6),"",ROUND(MAX(0,Smooth!F39*Controls!F$17*INDEX(Controls!$B$21:$H$21,1,WEEKDAY($A39,2))*(1+Controls!$B$11)^37*(1+Controls!K$25*Smooth!$L39)*(1+Controls!K$26*Smooth!$M39)*(1+Controls!K$27*Smooth!$N39)*(1+Controls!K$28*Smooth!$O39)),2))} | G39: {=IF(OR($A39="",6>Controls!$B$6),"",ROUND(MAX(0,Smooth!G39*Controls!G$17*INDEX(Controls!$B$21:$H$21,1,WEEKDAY($A39,2))*(1+Controls!$B$11)^37*(1+Controls!L$25*Smooth!$L39)*(1+Controls!L$26*Smooth!$M39)*(1+Controls!L$27*Smooth!$N39)*(1+Controls!L$28*Smooth!$O39)),2))} | H39: {=IF(OR($A39="",7>Controls!$B$6),"",ROUND(MAX(0,Smooth!H39*Controls!H$17*INDEX(Controls!$B$21:$H$21,1,WEEKDAY($A39,2))*(1+Controls!$B$11)^37*(1+Controls!M$25*Smooth!$L39)*(1+Controls!M$26*Smooth!$M39)*(1+Controls!M$27*Smooth!$N39)*(1+Controls!M$28*Smooth!$O39)),2))} | I39: {=IF(OR($A39="",8>Controls!$B$6),"",ROUND(MAX(0,Smooth!I39*Controls!I$17*INDEX(Controls!$B$21:$H$21,1,WEEKDAY($A39,2))*(1+Controls!$B$11)^37*(1+Controls!N$25*Smooth!$L39)*(1+Controls!N$26*Smooth!$M39)*(1+Controls!N$27*Smooth!$N39)*(1+Controls!N$28*Smooth!$O39)),2))} | J39: {=IF(OR($A39="",9>Controls!$B$6),"",ROUND(MAX(0,Smooth!J39*Controls!J$17*INDEX(Controls!$B$21:$H$21,1,WEEKDAY($A39,2))*(1+Controls!$B$11)^37*(1+Controls!O$25*Smooth!$L39)*(1+Controls!O$26*Smooth!$M39)*(1+Controls!O$27*Smooth!$N39)*(1+Controls!O$28*Smooth!$O39)),2))} | K39: {=IF(OR($A39="",10>Controls!$B$6),"",ROUND(MAX(0,Smooth!K39*Controls!K$17*INDEX(Controls!$B$21:$H$21,1,WEEKDAY($A39,2))*(1+Controls!$B$11)^37*(1+Controls!P$25*Smooth!$L39)*(1+Controls!P$26*Smooth!$M39)*(1+Controls!P$27*Smooth!$N39)*(1+Controls!P$28*Smooth!$O39)),2))} | L39: =IF(A39="","",SUM(B39:K39)) -> 159.14
A40: =IF(39<=Controls!$B$5,Controls!$B$4+38,"") -> 73029 | B40: {=IF(OR($A40="",1>Controls!$B$6),"",ROUND(MAX(0,Smooth!B40*Controls!B$17*INDEX(Controls!$B$21:$H$21,1,WEEKDAY($A40,2))*(1+Controls!$B$11)^38*(1+Controls!G$25*Smooth!$L40)*(1+Controls!G$26*Smooth!$M40)*(1+Controls!G$27*Smooth!$N40)*(1+Controls!G$28*Smooth!$O40)),2))} -> 47.62 | C40: {=IF(OR($A40="",2>Controls!$B$6),"",ROUND(MAX(0,Smooth!C40*Controls!C$17*INDEX(Controls!$B$21:$H$21,1,WEEKDAY($A40,2))*(1+Controls!$B$11)^38*(1+Controls!H$25*Smooth!$L40)*(1+Controls!H$26*Smooth!$M40)*(1+Controls!H$27*Smooth!$N40)*(1+Controls!H$28*Smooth!$O40)),2))} -> 43.75 | D40: {=IF(OR($A40="",3>Controls!$B$6),"",ROUND(MAX(0,Smooth!D40*Controls!D$17*INDEX(Controls!$B$21:$H$21,1,WEEKDAY($A40,2))*(1+Controls!$B$11)^38*(1+Controls!I$25*Smooth!$L40)*(1+Controls!I$26*Smooth!$M40)*(1+Controls!I$27*Smooth!$N40)*(1+Controls!I$28*Smooth!$O40)),2))} -> 67.13 | E40: {=IF(OR($A40="",4>Controls!$B$6),"",ROUND(MAX(0,Smooth!E40*Controls!E$17*INDEX(Controls!$B$21:$H$21,1,WEEKDAY($A40,2))*(1+Controls!$B$11)^38*(1+Controls!J$25*Smooth!$L40)*(1+Controls!J$26*Smooth!$M40)*(1+Controls!J$27*Smooth!$N40)*(1+Controls!J$28*Smooth!$O40)),2))} | F40: {=IF(OR($A40="",5>Controls!$B$6),"",ROUND(MAX(0,Smooth!F40*Controls!F$17*INDEX(Controls!$B$21:$H$21,1,WEEKDAY($A40,2))*(1+Controls!$B$11)^38*(1+Controls!K$25*Smooth!$L40)*(1+Controls!K$26*Smooth!$M40)*(1+Controls!K$27*Smooth!$N40)*(1+Controls!K$28*Smooth!$O40)),2))} | G40: {=IF(OR($A40="",6>Controls!$B$6),"",ROUND(MAX(0,Smooth!G40*Controls!G$17*INDEX(Controls!$B$21:$H$21,1,WEEKDAY($A40,2))*(1+Controls!$B$11)^38*(1+Controls!L$25*Smooth!$L40)*(1+Controls!L$26*Smooth!$M40)*(1+Controls!L$27*Smooth!$N40)*(1+Controls!L$28*Smooth!$O40)),2))} | H40: {=IF(OR($A40="",7>Controls!$B$6),"",ROUND(MAX(0,Smooth!H40*Controls!H$17*INDEX(Controls!$B$21:$H$21,1,WEEKDAY($A40,2))*(1+Controls!$B$11)^38*(1+Controls!M$25*Smooth!$L40)*(1+Controls!M$26*Smooth!$M40)*(1+Controls!M$27*Smooth!$N40)*(1+Controls!M$28*Smooth!$O40)),2))} | I40: {=IF(OR($A40="",8>Controls!$B$6),"",ROUND(MAX(0,Smooth!I40*Controls!I$17*INDEX(Controls!$B$21:$H$21,1,WEEKDAY($A40,2))*(1+Controls!$B$11)^38*(1+Controls!N$25*Smooth!$L40)*(1+Controls!N$26*Smooth!$M40)*(1+Controls!N$27*Smooth!$N40)*(1+Controls!N$28*Smooth!$O40)),2))} | J40: {=IF(OR($A40="",9>Controls!$B$6),"",ROUND(MAX(0,Smooth!J40*Controls!J$17*INDEX(Controls!$B$21:$H$21,1,WEEKDAY($A40,2))*(1+Controls!$B$11)^38*(1+Controls!O$25*Smooth!$L40)*(1+Controls!O$26*Smooth!$M40)*(1+Controls!O$27*Smooth!$N40)*(1+Controls!O$28*Smooth!$O40)),2))} | K40: {=IF(OR($A40="",10>Controls!$B$6),"",ROUND(MAX(0,Smooth!K40*Controls!K$17*INDEX(Controls!$B$21:$H$21,1,WEEKDAY($A40,2))*(1+Controls!$B$11)^38*(1+Controls!P$25*Smooth!$L40)*(1+Controls!P$26*Smooth!$M40)*(1+Controls!P$27*Smooth!$N40)*(1+Controls!P$28*Smooth!$O40)),2))} | L40: =IF(A40="","",SUM(B40:K40)) -> 158.5
A41: =IF(40<=Controls!$B$5,Controls!$B$4+39,"") -> 73030 | B41: {=IF(OR($A41="",1>Controls!$B$6),"",ROUND(MAX(0,Smooth!B41*Controls!B$17*INDEX(Controls!$B$21:$H$21,1,WEEKDAY($A41,2))*(1+Controls!$B$11)^39*(1+Controls!G$25*Smooth!$L41)*(1+Controls!G$26*Smooth!$M41)*(1+Controls!G$27*Smooth!$N41)*(1+Controls!G$28*Smooth!$O41)),2))} -> 45.14 | C41: {=IF(OR($A41="",2>Controls!$B$6),"",ROUND(MAX(0,Smooth!C41*Controls!C$17*INDEX(Controls!$B$21:$H$21,1,WEEKDAY($A41,2))*(1+Controls!$B$11)^39*(1+Controls!H$25*Smooth!$L41)*(1+Controls!H$26*Smooth!$M41)*(1+Controls!H$27*Smooth!$N41)*(1+Controls!H$28*Smooth!$O41)),2))} -> 38.28 | D41: {=IF(OR($A41="",3>Controls!$B$6),"",ROUND(MAX(0,Smooth!D41*Controls!D$17*INDEX(Controls!$B$21:$H$21,1,WEEKDAY($A41,2))*(1+Controls!$B$11)^39*(1+Controls!I$25*Smooth!$L41)*(1+Controls!I$26*Smooth!$M41)*(1+Controls!I$27*Smooth!$N41)*(1+Controls!I$28*Smooth!$O41)),2))} -> 53.94 | E41: {=IF(OR($A41="",4>Controls!$B$6),"",ROUND(MAX(0,Smooth!E41*Controls!E$17*INDEX(Controls!$B$21:$H$21,1,WEEKDAY($A41,2))*(1+Controls!$B$11)^39*(1+Controls!J$25*Smooth!$L41)*(1+Controls!J$26*Smooth!$M41)*(1+Controls!J$27*Smooth!$N41)*(1+Controls!J$28*Smooth!$O41)),2))} | F41: {=IF(OR($A41="",5>Controls!$B$6),"",ROUND(MAX(0,Smooth!F41*Controls!F$17*INDEX(Controls!$B$21:$H$21,1,WEEKDAY($A41,2))*(1+Controls!$B$11)^39*(1+Controls!K$25*Smooth!$L41)*(1+Controls!K$26*Smooth!$M41)*(1+Controls!K$27*Smooth!$N41)*(1+Controls!K$28*Smooth!$O41)),2))} | G41: {=IF(OR($A41="",6>Controls!$B$6),"",ROUND(MAX(0,Smooth!G41*Controls!G$17*INDEX(Controls!$B$21:$H$21,1,WEEKDAY($A41,2))*(1+Controls!$B$11)^39*(1+Controls!L$25*Smooth!$L41)*(1+Controls!L$26*Smooth!$M41)*(1+Controls!L$27*Smooth!$N41)*(1+Controls!L$28*Smooth!$O41)),2))} | H41: {=IF(OR($A41="",7>Controls!$B$6),"",ROUND(MAX(0,Smooth!H41*Controls!H$17*INDEX(Controls!$B$21:$H$21,1,WEEKDAY($A41,2))*(1+Controls!$B$11)^39*(1+Controls!M$25*Smooth!$L41)*(1+Controls!M$26*Smooth!$M41)*(1+Controls!M$27*Smooth!$N41)*(1+Controls!M$28*Smooth!$O41)),2))} | I41: {=IF(OR($A41="",8>Controls!$B$6),"",ROUND(MAX(0,Smooth!I41*Controls!I$17*INDEX(Controls!$B$21:$H$21,1,WEEKDAY($A41,2))*(1+Controls!$B$11)^39*(1+Controls!N$25*Smooth!$L41)*(1+Controls!N$26*Smooth!$M41)*(1+Controls!N$27*Smooth!$N41)*(1+Controls!N$28*Smooth!$O41)),2))} | J41: {=IF(OR($A41="",9>Controls!$B$6),"",ROUND(MAX(0,Smooth!J41*Controls!J$17*INDEX(Controls!$B$21:$H$21,1,WEEKDAY($A41,2))*(1+Controls!$B$11)^39*(1+Controls!O$25*Smooth!$L41)*(1+Controls!O$26*Smooth!$M41)*(1+Controls!O$27*Smooth!$N41)*(1+Controls!O$28*Smooth!$O41)),2))} | K41: {=IF(OR($A41="",10>Controls!$B$6),"",ROUND(MAX(0,Smooth!K41*Controls!K$17*INDEX(Controls!$B$21:$H$21,1,WEEKDAY($A41,2))*(1+Controls!$B$11)^39*(1+Controls!P$25*Smooth!$L41)*(1+Controls!P$26*Smooth!$M41)*(1+Controls!P$27*Smooth!$N41)*(1+Controls!P$28*Smooth!$O41)),2))} | L41: =IF(A41="","",SUM(B41:K41)) -> 137.36
A42: =IF(41<=Controls!$B$5,Controls!$B$4+40,"") -> 73031 | B42: {=IF(OR($A42="",1>Controls!$B$6),"",ROUND(MAX(0,Smooth!B42*Controls!B$17*INDEX(Controls!$B$21:$H$21,1,WEEKDAY($A42,2))*(1+Controls!$B$11)^40*(1+Controls!G$25*Smooth!$L42)*(1+Controls!G$26*Smooth!$M42)*(1+Controls!G$27*Smooth!$N42)*(1+Controls!G$28*Smooth!$O42)),2))} -> 34.02 | C42: {=IF(OR($A42="",2>Controls!$B$6),"",ROUND(MAX(0,Smooth!C42*Controls!C$17*INDEX(Controls!$B$21:$H$21,1,WEEKDAY($A42,2))*(1+Controls!$B$11)^40*(1+Controls!H$25*Smooth!$L42)*(1+Controls!H$26*Smooth!$M42)*(1+Controls!H$27*Smooth!$N42)*(1+Controls!H$28*Smooth!$O42)),2))} -> 25.33 | D42: {=IF(OR($A42="",3>Controls!$B$6),"",ROUND(MAX(0,Smooth!D42*Controls!D$17*INDEX(Controls!$B$21:$H$21,1,WEEKDAY($A42,2))*(1+Controls!$B$11)^40*(1+Controls!I$25*Smooth!$L42)*(1+Controls!I$26*Smooth!$M42)*(1+Controls!I$27*Smooth!$N42)*(1+Controls!I$28*Smooth!$O42)),2))} -> 43.79 | E42: {=IF(OR($A42="",4>Controls!$B$6),"",ROUND(MAX(0,Smooth!E42*Controls!E$17*INDEX(Controls!$B$21:$H$21,1,WEEKDAY($A42,2))*(1+Controls!$B$11)^40*(1+Controls!J$25*Smooth!$L42)*(1+Controls!J$26*Smooth!$M42)*(1+Controls!J$27*Smooth!$N42)*(1+Controls!J$28*Smooth!$O42)),2))} | F42: {=IF(OR($A42="",5>Controls!$B$6),"",ROUND(MAX(0,Smooth!F42*Controls!F$17*INDEX(Controls!$B$21:$H$21,1,WEEKDAY($A42,2))*(1+Controls!$B$11)^40*(1+Controls!K$25*Smooth!$L42)*(1+Controls!K$26*Smooth!$M42)*(1+Controls!K$27*Smooth!$N42)*(1+Controls!K$28*Smooth!$O42)),2))} | G42: {=IF(OR($A42="",6>Controls!$B$6),"",ROUND(MAX(0,Smooth!G42*Controls!G$17*INDEX(Controls!$B$21:$H$21,1,WEEKDAY($A42,2))*(1+Controls!$B$11)^40*(1+Controls!L$25*Smooth!$L42)*(1+Controls!L$26*Smooth!$M42)*(1+Controls!L$27*Smooth!$N42)*(1+Controls!L$28*Smooth!$O42)),2))} | H42: {=IF(OR($A42="",7>Controls!$B$6),"",ROUND(MAX(0,Smooth!H42*Controls!H$17*INDEX(Controls!$B$21:$H$21,1,WEEKDAY($A42,2))*(1+Controls!$B$11)^40*(1+Controls!M$25*Smooth!$L42)*(1+Controls!M$26*Smooth!$M42)*(1+Controls!M$27*Smooth!$N42)*(1+Controls!M$28*Smooth!$O42)),2))} | I42: {=IF(OR($A42="",8>Controls!$B$6),"",ROUND(MAX(0,Smooth!I42*Controls!I$17*INDEX(Controls!$B$21:$H$21,1,WEEKDAY($A42,2))*(1+Controls!$B$11)^40*(1+Controls!N$25*Smooth!$L42)*(1+Controls!N$26*Smooth!$M42)*(1+Controls!N$27*Smooth!$N42)*(1+Controls!N$28*Smooth!$O42)),2))} | J42: {=IF(OR($A42="",9>Controls!$B$6),"",ROUND(MAX(0,Smooth!J42*Controls!J$17*INDEX(Controls!$B$21:$H$21,1,WEEKDAY($A42,2))*(1+Controls!$B$11)^40*(1+Controls!O$25*Smooth!$L42)*(1+Controls!O$26*Smooth!$M42)*(1+Controls!O$27*Smooth!$N42)*(1+Controls!O$28*Smooth!$O42)),2))} | K42: {=IF(OR($A42="",10>Controls!$B$6),"",ROUND(MAX(0,Smooth!K42*Controls!K$17*INDEX(Controls!$B$21:$H$21,1,WEEKDAY($A42,2))*(1+Controls!$B$11)^40*(1+Controls!P$25*Smooth!$L42)*(1+Controls!P$26*Smooth!$M42)*(1+Controls!P$27*Smooth!$N42)*(1+Controls!P$28*Smooth!$O42)),2))} | L42: =IF(A42="","",SUM(B42:K42)) -> 103.14
A43: =IF(42<=Controls!$B$5,Controls!$B$4+41,"") -> 73032 | B43: {=IF(OR($A43="",1>Controls!$B$6),"",ROUND(MAX(0,Smooth!B43*Controls!B$17*INDEX(Controls!$B$21:$H$21,1,WEEKDAY($A43,2))*(1+Controls!$B$11)^41*(1+Controls!G$25*Smooth!$L43)*(1+Controls!G$26*Smooth!$M43)*(1+Controls!G$27*Smooth!$N43)*(1+Controls!G$28*Smooth!$O43)),2))} -> 14.8 | C43: {=IF(OR($A43="",2>Controls!$B$6),"",ROUND(MAX(0,Smooth!C43*Controls!C$17*INDEX(Controls!$B$21:$H$21,1,WEEKDAY($A43,2))*(1+Controls!$B$11)^41*(1+Controls!H$25*Smooth!$L43)*(1+Controls!H$26*Smooth!$M43)*(1+Controls!H$27*Smooth!$N43)*(1+Controls!H$28*Smooth!$O43)),2))} -> 14.02 | D43: {=IF(OR($A43="",3>Controls!$B$6),"",ROUND(MAX(0,Smooth!D43*Controls!D$17*INDEX(Controls!$B$21:$H$21,1,WEEKDAY($A43,2))*(1+Controls!$B$11)^41*(1+Controls!I$25*Smooth!$L43)*(1+Controls!I$26*Smooth!$M43)*(1+Controls!I$27*Smooth!$N43)*(1+Controls!I$28*Smooth!$O43)),2))} -> 24.33 | E43: {=IF(OR($A43="",4>Controls!$B$6),"",ROUND(MAX(0,Smooth!E43*Controls!E$17*INDEX(Controls!$B$21:$H$21,1,WEEKDAY($A43,2))*(1+Controls!$B$11)^41*(1+Controls!J$25*Smooth!$L43)*(1+Controls!J$26*Smooth!$M43)*(1+Controls!J$27*Smooth!$N43)*(1+Controls!J$28*Smooth!$O43)),2))} | F43: {=IF(OR($A43="",5>Controls!$B$6),"",ROUND(MAX(0,Smooth!F43*Controls!F$17*INDEX(Controls!$B$21:$H$21,1,WEEKDAY($A43,2))*(1+Controls!$B$11)^41*(1+Controls!K$25*Smooth!$L43)*(1+Controls!K$26*Smooth!$M43)*(1+Controls!K$27*Smooth!$N43)*(1+Controls!K$28*Smooth!$O43)),2))} | G43: {=IF(OR($A43="",6>Controls!$B$6),"",ROUND(MAX(0,Smooth!G43*Controls!G$17*INDEX(Controls!$B$21:$H$21,1,WEEKDAY($A43,2))*(1+Controls!$B$11)^41*(1+Controls!L$25*Smooth!$L43)*(1+Controls!L$26*Smooth!$M43)*(1+Controls!L$27*Smooth!$N43)*(1+Controls!L$28*Smooth!$O43)),2))} | H43: {=IF(OR($A43="",7>Controls!$B$6),"",ROUND(MAX(0,Smooth!H43*Controls!H$17*INDEX(Controls!$B$21:$H$21,1,WEEKDAY($A43,2))*(1+Controls!$B$11)^41*(1+Controls!M$25*Smooth!$L43)*(1+Controls!M$26*Smooth!$M43)*(1+Controls!M$27*Smooth!$N43)*(1+Controls!M$28*Smooth!$O43)),2))} | I43: {=IF(OR($A43="",8>Controls!$B$6),"",ROUND(MAX(0,Smooth!I43*Controls!I$17*INDEX(Controls!$B$21:$H$21,1,WEEKDAY($A43,2))*(1+Controls!$B$11)^41*(1+Controls!N$25*Smooth!$L43)*(1+Controls!N$26*Smooth!$M43)*(1+Controls!N$27*Smooth!$N43)*(1+Controls!N$28*Smooth!$O43)),2))} | J43: {=IF(OR($A43="",9>Controls!$B$6),"",ROUND(MAX(0,Smooth!J43*Controls!J$17*INDEX(Controls!$B$21:$H$21,1,WEEKDAY($A43,2))*(1+Controls!$B$11)^41*(1+Controls!O$25*Smooth!$L43)*(1+Controls!O$26*Smooth!$M43)*(1+Controls!O$27*Smooth!$N43)*(1+Controls!O$28*Smooth!$O43)),2))} | K43: {=IF(OR($A43="",10>Controls!$B$6),"",ROUND(MAX(0,Smooth!K43*Controls!K$17*INDEX(Controls!$B$21:$H$21,1,WEEKDAY($A43,2))*(1+Controls!$B$11)^41*(1+Controls!P$25*Smooth!$L43)*(1+Controls!P$26*Smooth!$M43)*(1+Controls!P$27*Smooth!$N43)*(1+Controls!P$28*Smooth!$O43)),2))} | L43: =IF(A43="","",SUM(B43:K43)) -> 53.15
A44: =IF(43<=Controls!$B$5,Controls!$B$4+42,"") -> 73033 | B44: {=IF(OR($A44="",1>Controls!$B$6),"",ROUND(MAX(0,Smooth!B44*Controls!B$17*INDEX(Controls!$B$21:$H$21,1,WEEKDAY($A44,2))*(1+Controls!$B$11)^42*(1+Controls!G$25*Smooth!$L44)*(1+Controls!G$26*Smooth!$M44)*(1+Controls!G$27*Smooth!$N44)*(1+Controls!G$28*Smooth!$O44)),2))} -> 50 | C44: {=IF(OR($A44="",2>Controls!$B$6),"",ROUND(MAX(0,Smooth!C44*Controls!C$17*INDEX(Controls!$B$21:$H$21,1,WEEKDAY($A44,2))*(1+Controls!$B$11)^42*(1+Controls!H$25*Smooth!$L44)*(1+Controls!H$26*Smooth!$M44)*(1+Controls!H$27*Smooth!$N44)*(1+Controls!H$28*Smooth!$O44)),2))} -> 42.07 | D44: {=IF(OR($A44="",3>Controls!$B$6),"",ROUND(MAX(0,Smooth!D44*Controls!D$17*INDEX(Controls!$B$21:$H$21,1,WEEKDAY($A44,2))*(1+Controls!$B$11)^42*(1+Controls!I$25*Smooth!$L44)*(1+Controls!I$26*Smooth!$M44)*(1+Controls!I$27*Smooth!$N44)*(1+Controls!I$28*Smooth!$O44)),2))} -> 58.22 | E44: {=IF(OR($A44="",4>Controls!$B$6),"",ROUND(MAX(0,Smooth!E44*Controls!E$17*INDEX(Controls!$B$21:$H$21,1,WEEKDAY($A44,2))*(1+Controls!$B$11)^42*(1+Controls!J$25*Smooth!$L44)*(1+Controls!J$26*Smooth!$M44)*(1+Controls!J$27*Smooth!$N44)*(1+Controls!J$28*Smooth!$O44)),2))} | F44: {=IF(OR($A44="",5>Controls!$B$6),"",ROUND(MAX(0,Smooth!F44*Controls!F$17*INDEX(Controls!$B$21:$H$21,1,WEEKDAY($A44,2))*(1+Controls!$B$11)^42*(1+Controls!K$25*Smooth!$L44)*(1+Controls!K$26*Smooth!$M44)*(1+Controls!K$27*Smooth!$N44)*(1+Controls!K$28*Smooth!$O44)),2))} | G44: {=IF(OR($A44="",6>Controls!$B$6),"",ROUND(MAX(0,Smooth!G44*Controls!G$17*INDEX(Controls!$B$21:$H$21,1,WEEKDAY($A44,2))*(1+Controls!$B$11)^42*(1+Controls!L$25*Smooth!$L44)*(1+Controls!L$26*Smooth!$M44)*(1+Controls!L$27*Smooth!$N44)*(1+Controls!L$28*Smooth!$O44)),2))} | H44: {=IF(OR($A44="",7>Controls!$B$6),"",ROUND(MAX(0,Smooth!H44*Controls!H$17*INDEX(Controls!$B$21:$H$21,1,WEEKDAY($A44,2))*(1+Controls!$B$11)^42*(1+Controls!M$25*Smooth!$L44)*(1+Controls!M$26*Smooth!$M44)*(1+Controls!M$27*Smooth!$N44)*(1+Controls!M$28*Smooth!$O44)),2))} | I44: {=IF(OR($A44="",8>Controls!$B$6),"",ROUND(MAX(0,Smooth!I44*Controls!I$17*INDEX(Controls!$B$21:$H$21,1,WEEKDAY($A44,2))*(1+Controls!$B$11)^42*(1+Controls!N$25*Smooth!$L44)*(1+Controls!N$26*Smooth!$M44)*(1+Controls!N$27*Smooth!$N44)*(1+Controls!N$28*Smooth!$O44)),2))} | J44: {=IF(OR($A44="",9>Controls!$B$6),"",ROUND(MAX(0,Smooth!J44*Controls!J$17*INDEX(Controls!$B$21:$H$21,1,WEEKDAY($A44,2))*(1+Controls!$B$11)^42*(1+Controls!O$25*Smooth!$L44)*(1+Controls!O$26*Smooth!$M44)*(1+Controls!O$27*Smooth!$N44)*(1+Controls!O$28*Smooth!$O44)),2))} | K44: {=IF(OR($A44="",10>Controls!$B$6),"",ROUND(MAX(0,Smooth!K44*Controls!K$17*INDEX(Controls!$B$21:$H$21,1,WEEKDAY($A44,2))*(1+Controls!$B$11)^42*(1+Controls!P$25*Smooth!$L44)*(1+Controls!P$26*Smooth!$M44)*(1+Controls!P$27*Smooth!$N44)*(1+Controls!P$28*Smooth!$O44)),2))} | L44: =IF(A44="","",SUM(B44:K44)) -> 150.29
A45: =IF(44<=Controls!$B$5,Controls!$B$4+43,"") -> 73034 | B45: {=IF(OR($A45="",1>Controls!$B$6),"",ROUND(MAX(0,Smooth!B45*Controls!B$17*INDEX(Controls!$B$21:$H$21,1,WEEKDAY($A45,2))*(1+Controls!$B$11)^43*(1+Controls!G$25*Smooth!$L45)*(1+Controls!G$26*Smooth!$M45)*(1+Controls!G$27*Smooth!$N45)*(1+Controls!G$28*Smooth!$O45)),2))} -> 48.66 | C45: {=IF(OR($A45="",2>Controls!$B$6),"",ROUND(MAX(0,Smooth!C45*Controls!C$17*INDEX(Controls!$B$21:$H$21,1,WEEKDAY($A45,2))*(1+Controls!$B$11)^43*(1+Controls!H$25*Smooth!$L45)*(1+Controls!H$26*Smooth!$M45)*(1+Controls!H$27*Smooth!$N45)*(1+Controls!H$28*Smooth!$O45)),2))} -> 38.76 | D45: {=IF(OR($A45="",3>Controls!$B$6),"",ROUND(MAX(0,Smooth!D45*Controls!D$17*INDEX(Controls!$B$21:$H$21,1,WEEKDAY($A45,2))*(1+Controls!$B$11)^43*(1+Controls!I$25*Smooth!$L45)*(1+Controls!I$26*Smooth!$M45)*(1+Controls!I$27*Smooth!$N45)*(1+Controls!I$28*Smooth!$O45)),2))} -> 44.33 | E45: {=IF(OR($A45="",4>Controls!$B$6),"",ROUND(MAX(0,Smooth!E45*Controls!E$17*INDEX(Controls!$B$21:$H$21,1,WEEKDAY($A45,2))*(1+Controls!$B$11)^43*(1+Controls!J$25*Smooth!$L45)*(1+Controls!J$26*Smooth!$M45)*(1+Controls!J$27*Smooth!$N45)*(1+Controls!J$28*Smooth!$O45)),2))} | F45: {=IF(OR($A45="",5>Controls!$B$6),"",ROUND(MAX(0,Smooth!F45*Controls!F$17*INDEX(Controls!$B$21:$H$21,1,WEEKDAY($A45,2))*(1+Controls!$B$11)^43*(1+Controls!K$25*Smooth!$L45)*(1+Controls!K$26*Smooth!$M45)*(1+Controls!K$27*Smooth!$N45)*(1+Controls!K$28*Smooth!$O45)),2))} | G45: {=IF(OR($A45="",6>Controls!$B$6),"",ROUND(MAX(0,Smooth!G45*Controls!G$17*INDEX(Controls!$B$21:$H$21,1,WEEKDAY($A45,2))*(1+Controls!$B$11)^43*(1+Controls!L$25*Smooth!$L45)*(1+Controls!L$26*Smooth!$M45)*(1+Controls!L$27*Smooth!$N45)*(1+Controls!L$28*Smooth!$O45)),2))} | H45: {=IF(OR($A45="",7>Controls!$B$6),"",ROUND(MAX(0,Smooth!H45*Controls!H$17*INDEX(Controls!$B$21:$H$21,1,WEEKDAY($A45,2))*(1+Controls!$B$11)^43*(1+Controls!M$25*Smooth!$L45)*(1+Controls!M$26*Smooth!$M45)*(1+Controls!M$27*Smooth!$N45)*(1+Controls!M$28*Smooth!$O45)),2))} | I45: {=IF(OR($A45="",8>Controls!$B$6),"",ROUND(MAX(0,Smooth!I45*Controls!I$17*INDEX(Controls!$B$21:$H$21,1,WEEKDAY($A45,2))*(1+Controls!$B$11)^43*(1+Controls!N$25*Smooth!$L45)*(1+Controls!N$26*Smooth!$M45)*(1+Controls!N$27*Smooth!$N45)*(1+Controls!N$28*Smooth!$O45)),2))} | J45: {=IF(OR($A45="",9>Controls!$B$6),"",ROUND(MAX(0,Smooth!J45*Controls!J$17*INDEX(Controls!$B$21:$H$21,1,WEEKDAY($A45,2))*(1+Controls!$B$11)^43*(1+Controls!O$25*Smooth!$L45)*(1+Controls!O$26*Smooth!$M45)*(1+Controls!O$27*Smooth!$N45)*(1+Controls!O$28*Smooth!$O45)),2))} | K45: {=IF(OR($A45="",10>Controls!$B$6),"",ROUND(MAX(0,Smooth!K45*Controls!K$17*INDEX(Controls!$B$21:$H$21,1,WEEKDAY($A45,2))*(1+Controls!$B$11)^43*(1+Controls!P$25*Smooth!$L45)*(1+Controls!P$26*Smooth!$M45)*(1+Controls!P$27*Smooth!$N45)*(1+Controls!P$28*Smooth!$O45)),2))} | L45: =IF(A45="","",SUM(B45:K45)) -> 131.75
A46: =IF(45<=Controls!$B$5,Controls!$B$4+44,"") -> 73035 | B46: {=IF(OR($A46="",1>Controls!$B$6),"",ROUND(MAX(0,Smooth!B46*Controls!B$17*INDEX(Controls!$B$21:$H$21,1,WEEKDAY($A46,2))*(1+Controls!$B$11)^44*(1+Controls!G$25*Smooth!$L46)*(1+Controls!G$26*Smooth!$M46)*(1+Controls!G$27*Smooth!$N46)*(1+Controls!G$28*Smooth!$O46)),2))} -> 44.81 | C46: {=IF(OR($A46="",2>Controls!$B$6),"",ROUND(MAX(0,Smooth!C46*Controls!C$17*INDEX(Controls!$B$21:$H$21,1,WEEKDAY($A46,2))*(1+Controls!$B$11)^44*(1+Controls!H$25*Smooth!$L46)*(1+Controls!H$26*Smooth!$M46)*(1+Controls!H$27*Smooth!$N46)*(1+Controls!H$28*Smooth!$O46)),2))} -> 47.93 | D46: {=IF(OR($A46="",3>Controls!$B$6),"",ROUND(MAX(0,Smooth!D46*Controls!D$17*INDEX(Controls!$B$21:$H$21,1,WEEKDAY($A46,2))*(1+Controls!$B$11)^44*(1+Controls!I$25*Smooth!$L46)*(1+Controls!I$26*Smooth!$M46)*(1+Controls!I$27*Smooth!$N46)*(1+Controls!I$28*Smooth!$O46)),2))} -> 40.59 | E46: {=IF(OR($A46="",4>Controls!$B$6),"",ROUND(MAX(0,Smooth!E46*Controls!E$17*INDEX(Controls!$B$21:$H$21,1,WEEKDAY($A46,2))*(1+Controls!$B$11)^44*(1+Controls!J$25*Smooth!$L46)*(1+Controls!J$26*Smooth!$M46)*(1+Controls!J$27*Smooth!$N46)*(1+Controls!J$28*Smooth!$O46)),2))} | F46: {=IF(OR($A46="",5>Controls!$B$6),"",ROUND(MAX(0,Smooth!F46*Controls!F$17*INDEX(Controls!$B$21:$H$21,1,WEEKDAY($A46,2))*(1+Controls!$B$11)^44*(1+Controls!K$25*Smooth!$L46)*(1+Controls!K$26*Smooth!$M46)*(1+Controls!K$27*Smooth!$N46)*(1+Controls!K$28*Smooth!$O46)),2))} | G46: {=IF(OR($A46="",6>Controls!$B$6),"",ROUND(MAX(0,Smooth!G46*Controls!G$17*INDEX(Controls!$B$21:$H$21,1,WEEKDAY($A46,2))*(1+Controls!$B$11)^44*(1+Controls!L$25*Smooth!$L46)*(1+Controls!L$26*Smooth!$M46)*(1+Controls!L$27*Smooth!$N46)*(1+Controls!L$28*Smooth!$O46)),2))} | H46: {=IF(OR($A46="",7>Controls!$B$6),"",ROUND(MAX(0,Smooth!H46*Controls!H$17*INDEX(Controls!$B$21:$H$21,1,WEEKDAY($A46,2))*(1+Controls!$B$11)^44*(1+Controls!M$25*Smooth!$L46)*(1+Controls!M$26*Smooth!$M46)*(1+Controls!M$27*Smooth!$N46)*(1+Controls!M$28*Smooth!$O46)),2))} | I46: {=IF(OR($A46="",8>Controls!$B$6),"",ROUND(MAX(0,Smooth!I46*Controls!I$17*INDEX(Controls!$B$21:$H$21,1,WEEKDAY($A46,2))*(1+Controls!$B$11)^44*(1+Controls!N$25*Smooth!$L46)*(1+Controls!N$26*Smooth!$M46)*(1+Controls!N$27*Smooth!$N46)*(1+Controls!N$28*Smooth!$O46)),2))} | J46: {=IF(OR($A46="",9>Controls!$B$6),"",ROUND(MAX(0,Smooth!J46*Controls!J$17*INDEX(Controls!$B$21:$H$21,1,WEEKDAY($A46,2))*(1+Controls!$B$11)^44*(1+Controls!O$25*Smooth!$L46)*(1+Controls!O$26*Smooth!$M46)*(1+Controls!O$27*Smooth!$N46)*(1+Controls!O$28*Smooth!$O46)),2))} | K46: {=IF(OR($A46="",10>Controls!$B$6),"",ROUND(MAX(0,Smooth!K46*Controls!K$17*INDEX(Controls!$B$21:$H$21,1,WEEKDAY($A46,2))*(1+Controls!$B$11)^44*(1+Controls!P$25*Smooth!$L46)*(1+Controls!P$26*Smooth!$M46)*(1+Controls!P$27*Smooth!$N46)*(1+Controls!P$28*Smooth!$O46)),2))} | L46: =IF(A46="","",SUM(B46:K46)) -> 133.33
A47: =IF(46<=Controls!$B$5,Controls!$B$4+45,"") -> 73036 | B47: {=IF(OR($A47="",1>Controls!$B$6),"",ROUND(MAX(0,Smooth!B47*Controls!B$17*INDEX(Controls!$B$21:$H$21,1,WEEKDAY($A47,2))*(1+Controls!$B$11)^45*(1+Controls!G$25*Smooth!$L47)*(1+Controls!G$26*Smooth!$M47)*(1+Controls!G$27*Smooth!$N47)*(1+Controls!G$28*Smooth!$O47)),2))} -> 55 | C47: {=IF(OR($A47="",2>Controls!$B$6),"",ROUND(MAX(0,Smooth!C47*Controls!C$17*INDEX(Controls!$B$21:$H$21,1,WEEKDAY($A47,2))*(1+Controls!$B$11)^45*(1+Controls!H$25*Smooth!$L47)*(1+Controls!H$26*Smooth!$M47)*(1+Controls!H$27*Smooth!$N47)*(1+Controls!H$28*Smooth!$O47)),2))} -> 50.09 | D47: {=IF(OR($A47="",3>Controls!$B$6),"",ROUND(MAX(0,Smooth!D47*Controls!D$17*INDEX(Controls!$B$21:$H$21,1,WEEKDAY($A47,2))*(1+Controls!$B$11)^45*(1+Controls!I$25*Smooth!$L47)*(1+Controls!I$26*Smooth!$M47)*(1+Controls!I$27*Smooth!$N47)*(1+Controls!I$28*Smooth!$O47)),2))} -> 46 | E47: {=IF(OR($A47="",4>Controls!$B$6),"",ROUND(MAX(0,Smooth!E47*Controls!E$17*INDEX(Controls!$B$21:$H$21,1,WEEKDAY($A47,2))*(1+Controls!$B$11)^45*(1+Controls!J$25*Smooth!$L47)*(1+Controls!J$26*Smooth!$M47)*(1+Controls!J$27*Smooth!$N47)*(1+Controls!J$28*Smooth!$O47)),2))} | F47: {=IF(OR($A47="",5>Controls!$B$6),"",ROUND(MAX(0,Smooth!F47*Controls!F$17*INDEX(Controls!$B$21:$H$21,1,WEEKDAY($A47,2))*(1+Controls!$B$11)^45*(1+Controls!K$25*Smooth!$L47)*(1+Controls!K$26*Smooth!$M47)*(1+Controls!K$27*Smooth!$N47)*(1+Controls!K$28*Smooth!$O47)),2))} | G47: {=IF(OR($A47="",6>Controls!$B$6),"",ROUND(MAX(0,Smooth!G47*Controls!G$17*INDEX(Controls!$B$21:$H$21,1,WEEKDAY($A47,2))*(1+Controls!$B$11)^45*(1+Controls!L$25*Smooth!$L47)*(1+Controls!L$26*Smooth!$M47)*(1+Controls!L$27*Smooth!$N47)*(1+Controls!L$28*Smooth!$O47)),2))} | H47: {=IF(OR($A47="",7>Controls!$B$6),"",ROUND(MAX(0,Smooth!H47*Controls!H$17*INDEX(Controls!$B$21:$H$21,1,WEEKDAY($A47,2))*(1+Controls!$B$11)^45*(1+Controls!M$25*Smooth!$L47)*(1+Controls!M$26*Smooth!$M47)*(1+Controls!M$27*Smooth!$N47)*(1+Controls!M$28*Smooth!$O47)),2))} | I47: {=IF(OR($A47="",8>Controls!$B$6),"",ROUND(MAX(0,Smooth!I47*Controls!I$17*INDEX(Controls!$B$21:$H$21,1,WEEKDAY($A47,2))*(1+Controls!$B$11)^45*(1+Controls!N$25*Smooth!$L47)*(1+Controls!N$26*Smooth!$M47)*(1+Controls!N$27*Smooth!$N47)*(1+Controls!N$28*Smooth!$O47)),2))} | J47: {=IF(OR($A47="",9>Controls!$B$6),"",ROUND(MAX(0,Smooth!J47*Controls!J$17*INDEX(Controls!$B$21:$H$21,1,WEEKDAY($A47,2))*(1+Controls!$B$11)^45*(1+Controls!O$25*Smooth!$L47)*(1+Controls!O$26*Smooth!$M47)*(1+Controls!O$27*Smooth!$N47)*(1+Controls!O$28*Smooth!$O47)),2))} | K47: {=IF(OR($A47="",10>Controls!$B$6),"",ROUND(MAX(0,Smooth!K47*Controls!K$17*INDEX(Controls!$B$21:$H$21,1,WEEKDAY($A47,2))*(1+Controls!$B$11)^45*(1+Controls!P$25*Smooth!$L47)*(1+Controls!P$26*Smooth!$M47)*(1+Controls!P$27*Smooth!$N47)*(1+Controls!P$28*Smooth!$O47)),2))} | L47: =IF(A47="","",SUM(B47:K47)) -> 151.09
A48: =IF(47<=Controls!$B$5,Controls!$B$4+46,"") -> 73037 | B48: {=IF(OR($A48="",1>Controls!$B$6),"",ROUND(MAX(0,Smooth!B48*Controls!B$17*INDEX(Controls!$B$21:$H$21,1,WEEKDAY($A48,2))*(1+Controls!$B$11)^46*(1+Controls!G$25*Smooth!$L48)*(1+Controls!G$26*Smooth!$M48)*(1+Controls!G$27*Smooth!$N48)*(1+Controls!G$28*Smooth!$O48)),2))} -> 2.92 | C48: {=IF(OR($A48="",2>Controls!$B$6),"",ROUND(MAX(0,Smooth!C48*Controls!C$17*INDEX(Controls!$B$21:$H$21,1,WEEKDAY($A48,2))*(1+Controls!$B$11)^46*(1+Controls!H$25*Smooth!$L48)*(1+Controls!H$26*Smooth!$M48)*(1+Controls!H$27*Smooth!$N48)*(1+Controls!H$28*Smooth!$O48)),2))} -> 2.84 | D48: {=IF(OR($A48="",3>Controls!$B$6),"",ROUND(MAX(0,Smooth!D48*Controls!D$17*INDEX(Controls!$B$21:$H$21,1,WEEKDAY($A48,2))*(1+Controls!$B$11)^46*(1+Controls!I$25*Smooth!$L48)*(1+Controls!I$26*Smooth!$M48)*(1+Controls!I$27*Smooth!$N48)*(1+Controls!I$28*Smooth!$O48)),2))} -> 2.75 | E48: {=IF(OR($A48="",4>Controls!$B$6),"",ROUND(MAX(0,Smooth!E48*Controls!E$17*INDEX(Controls!$B$21:$H$21,1,WEEKDAY($A48,2))*(1+Controls!$B$11)^46*(1+Controls!J$25*Smooth!$L48)*(1+Controls!J$26*Smooth!$M48)*(1+Controls!J$27*Smooth!$N48)*(1+Controls!J$28*Smooth!$O48)),2))} | F48: {=IF(OR($A48="",5>Controls!$B$6),"",ROUND(MAX(0,Smooth!F48*Controls!F$17*INDEX(Controls!$B$21:$H$21,1,WEEKDAY($A48,2))*(1+Controls!$B$11)^46*(1+Controls!K$25*Smooth!$L48)*(1+Controls!K$26*Smooth!$M48)*(1+Controls!K$27*Smooth!$N48)*(1+Controls!K$28*Smooth!$O48)),2))} | G48: {=IF(OR($A48="",6>Controls!$B$6),"",ROUND(MAX(0,Smooth!G48*Controls!G$17*INDEX(Controls!$B$21:$H$21,1,WEEKDAY($A48,2))*(1+Controls!$B$11)^46*(1+Controls!L$25*Smooth!$L48)*(1+Controls!L$26*Smooth!$M48)*(1+Controls!L$27*Smooth!$N48)*(1+Controls!L$28*Smooth!$O48)),2))} | H48: {=IF(OR($A48="",7>Controls!$B$6),"",ROUND(MAX(0,Smooth!H48*Controls!H$17*INDEX(Controls!$B$21:$H$21,1,WEEKDAY($A48,2))*(1+Controls!$B$11)^46*(1+Controls!M$25*Smooth!$L48)*(1+Controls!M$26*Smooth!$M48)*(1+Controls!M$27*Smooth!$N48)*(1+Controls!M$28*Smooth!$O48)),2))} | I48: {=IF(OR($A48="",8>Controls!$B$6),"",ROUND(MAX(0,Smooth!I48*Controls!I$17*INDEX(Controls!$B$21:$H$21,1,WEEKDAY($A48,2))*(1+Controls!$B$11)^46*(1+Controls!N$25*Smooth!$L48)*(1+Controls!N$26*Smooth!$M48)*(1+Controls!N$27*Smooth!$N48)*(1+Controls!N$28*Smooth!$O48)),2))} | J48: {=IF(OR($A48="",9>Controls!$B$6),"",ROUND(MAX(0,Smooth!J48*Controls!J$17*INDEX(Controls!$B$21:$H$21,1,WEEKDAY($A48,2))*(1+Controls!$B$11)^46*(1+Controls!O$25*Smooth!$L48)*(1+Controls!O$26*Smooth!$M48)*(1+Controls!O$27*Smooth!$N48)*(1+Controls!O$28*Smooth!$O48)),2))} | K48: {=IF(OR($A48="",10>Controls!$B$6),"",ROUND(MAX(0,Smooth!K48*Controls!K$17*INDEX(Controls!$B$21:$H$21,1,WEEKDAY($A48,2))*(1+Controls!$B$11)^46*(1+Controls!P$25*Smooth!$L48)*(1+Controls!P$26*Smooth!$M48)*(1+Controls!P$27*Smooth!$N48)*(1+Controls!P$28*Smooth!$O48)),2))} | L48: =IF(A48="","",SUM(B48:K48)) -> 8.51
A49: =IF(48<=Controls!$B$5,Controls!$B$4+47,"") -> 73038 | B49: {=IF(OR($A49="",1>Controls!$B$6),"",ROUND(MAX(0,Smooth!B49*Controls!B$17*INDEX(Controls!$B$21:$H$21,1,WEEKDAY($A49,2))*(1+Controls!$B$11)^47*(1+Controls!G$25*Smooth!$L49)*(1+Controls!G$26*Smooth!$M49)*(1+Controls!G$27*Smooth!$N49)*(1+Controls!G$28*Smooth!$O49)),2))} -> 48.29 | C49: {=IF(OR($A49="",2>Controls!$B$6),"",ROUND(MAX(0,Smooth!C49*Controls!C$17*INDEX(Controls!$B$21:$H$21,1,WEEKDAY($A49,2))*(1+Controls!$B$11)^47*(1+Controls!H$25*Smooth!$L49)*(1+Controls!H$26*Smooth!$M49)*(1+Controls!H$27*Smooth!$N49)*(1+Controls!H$28*Smooth!$O49)),2))} -> 35.65 | D49: {=IF(OR($A49="",3>Controls!$B$6),"",ROUND(MAX(0,Smooth!D49*Controls!D$17*INDEX(Controls!$B$21:$H$21,1,WEEKDAY($A49,2))*(1+Controls!$B$11)^47*(1+Controls!I$25*Smooth!$L49)*(1+Controls!I$26*Smooth!$M49)*(1+Controls!I$27*Smooth!$N49)*(1+Controls!I$28*Smooth!$O49)),2))} -> 34.4 | E49: {=IF(OR($A49="",4>Controls!$B$6),"",ROUND(MAX(0,Smooth!E49*Controls!E$17*INDEX(Controls!$B$21:$H$21,1,WEEKDAY($A49,2))*(1+Controls!$B$11)^47*(1+Controls!J$25*Smooth!$L49)*(1+Controls!J$26*Smooth!$M49)*(1+Controls!J$27*Smooth!$N49)*(1+Controls!J$28*Smooth!$O49)),2))} | F49: {=IF(OR($A49="",5>Controls!$B$6),"",ROUND(MAX(0,Smooth!F49*Controls!F$17*INDEX(Controls!$B$21:$H$21,1,WEEKDAY($A49,2))*(1+Controls!$B$11)^47*(1+Controls!K$25*Smooth!$L49)*(1+Controls!K$26*Smooth!$M49)*(1+Controls!K$27*Smooth!$N49)*(1+Controls!K$28*Smooth!$O49)),2))} | G49: {=IF(OR($A49="",6>Controls!$B$6),"",ROUND(MAX(0,Smooth!G49*Controls!G$17*INDEX(Controls!$B$21:$H$21,1,WEEKDAY($A49,2))*(1+Controls!$B$11)^47*(1+Controls!L$25*Smooth!$L49)*(1+Controls!L$26*Smooth!$M49)*(1+Controls!L$27*Smooth!$N49)*(1+Controls!L$28*Smooth!$O49)),2))} | H49: {=IF(OR($A49="",7>Controls!$B$6),"",ROUND(MAX(0,Smooth!H49*Controls!H$17*INDEX(Controls!$B$21:$H$21,1,WEEKDAY($A49,2))*(1+Controls!$B$11)^47*(1+Controls!M$25*Smooth!$L49)*(1+Controls!M$26*Smooth!$M49)*(1+Controls!M$27*Smooth!$N49)*(1+Controls!M$28*Smooth!$O49)),2))} | I49: {=IF(OR($A49="",8>Controls!$B$6),"",ROUND(MAX(0,Smooth!I49*Controls!I$17*INDEX(Controls!$B$21:$H$21,1,WEEKDAY($A49,2))*(1+Controls!$B$11)^47*(1+Controls!N$25*Smooth!$L49)*(1+Controls!N$26*Smooth!$M49)*(1+Controls!N$27*Smooth!$N49)*(1+Controls!N$28*Smooth!$O49)),2))} | J49: {=IF(OR($A49="",9>Controls!$B$6),"",ROUND(MAX(0,Smooth!J49*Controls!J$17*INDEX(Controls!$B$21:$H$21,1,WEEKDAY($A49,2))*(1+Controls!$B$11)^47*(1+Controls!O$25*Smooth!$L49)*(1+Controls!O$26*Smooth!$M49)*(1+Controls!O$27*Smooth!$N49)*(1+Controls!O$28*Smooth!$O49)),2))} | K49: {=IF(OR($A49="",10>Controls!$B$6),"",ROUND(MAX(0,Smooth!K49*Controls!K$17*INDEX(Controls!$B$21:$H$21,1,WEEKDAY($A49,2))*(1+Controls!$B$11)^47*(1+Controls!P$25*Smooth!$L49)*(1+Controls!P$26*Smooth!$M49)*(1+Controls!P$27*Smooth!$N49)*(1+Controls!P$28*Smooth!$O49)),2))} | L49: =IF(A49="","",SUM(B49:K49)) -> 118.34
A50: =IF(49<=Controls!$B$5,Controls!$B$4+48,"") -> 73039 | B50: {=IF(OR($A50="",1>Controls!$B$6),"",ROUND(MAX(0,Smooth!B50*Controls!B$17*INDEX(Controls!$B$21:$H$21,1,WEEKDAY($A50,2))*(1+Controls!$B$11)^48*(1+Controls!G$25*Smooth!$L50)*(1+Controls!G$26*Smooth!$M50)*(1+Controls!G$27*Smooth!$N50)*(1+Controls!G$28*Smooth!$O50)),2))} -> 25.65 | C50: {=IF(OR($A50="",2>Controls!$B$6),"",ROUND(MAX(0,Smooth!C50*Controls!C$17*INDEX(Controls!$B$21:$H$21,1,WEEKDAY($A50,2))*(1+Controls!$B$11)^48*(1+Controls!H$25*Smooth!$L50)*(1+Controls!H$26*Smooth!$M50)*(1+Controls!H$27*Smooth!$N50)*(1+Controls!H$28*Smooth!$O50)),2))} -> 17.43 | D50: {=IF(OR($A50="",3>Controls!$B$6),"",ROUND(MAX(0,Smooth!D50*Controls!D$17*INDEX(Controls!$B$21:$H$21,1,WEEKDAY($A50,2))*(1+Controls!$B$11)^48*(1+Controls!I$25*Smooth!$L50)*(1+Controls!I$26*Smooth!$M50)*(1+Controls!I$27*Smooth!$N50)*(1+Controls!I$28*Smooth!$O50)),2))} -> 19.43 | E50: {=IF(OR($A50="",4>Controls!$B$6),"",ROUND(MAX(0,Smooth!E50*Controls!E$17*INDEX(Controls!$B$21:$H$21,1,WEEKDAY($A50,2))*(1+Controls!$B$11)^48*(1+Controls!J$25*Smooth!$L50)*(1+Controls!J$26*Smooth!$M50)*(1+Controls!J$27*Smooth!$N50)*(1+Controls!J$28*Smooth!$O50)),2))} | F50: {=IF(OR($A50="",5>Controls!$B$6),"",ROUND(MAX(0,Smooth!F50*Controls!F$17*INDEX(Controls!$B$21:$H$21,1,WEEKDAY($A50,2))*(1+Controls!$B$11)^48*(1+Controls!K$25*Smooth!$L50)*(1+Controls!K$26*Smooth!$M50)*(1+Controls!K$27*Smooth!$N50)*(1+Controls!K$28*Smooth!$O50)),2))} | G50: {=IF(OR($A50="",6>Controls!$B$6),"",ROUND(MAX(0,Smooth!G50*Controls!G$17*INDEX(Controls!$B$21:$H$21,1,WEEKDAY($A50,2))*(1+Controls!$B$11)^48*(1+Controls!L$25*Smooth!$L50)*(1+Controls!L$26*Smooth!$M50)*(1+Controls!L$27*Smooth!$N50)*(1+Controls!L$28*Smooth!$O50)),2))} | H50: {=IF(OR($A50="",7>Controls!$B$6),"",ROUND(MAX(0,Smooth!H50*Controls!H$17*INDEX(Controls!$B$21:$H$21,1,WEEKDAY($A50,2))*(1+Controls!$B$11)^48*(1+Controls!M$25*Smooth!$L50)*(1+Controls!M$26*Smooth!$M50)*(1+Controls!M$27*Smooth!$N50)*(1+Controls!M$28*Smooth!$O50)),2))} | I50: {=IF(OR($A50="",8>Controls!$B$6),"",ROUND(MAX(0,Smooth!I50*Controls!I$17*INDEX(Controls!$B$21:$H$21,1,WEEKDAY($A50,2))*(1+Controls!$B$11)^48*(1+Controls!N$25*Smooth!$L50)*(1+Controls!N$26*Smooth!$M50)*(1+Controls!N$27*Smooth!$N50)*(1+Controls!N$28*Smooth!$O50)),2))} | J50: {=IF(OR($A50="",9>Controls!$B$6),"",ROUND(MAX(0,Smooth!J50*Controls!J$17*INDEX(Controls!$B$21:$H$21,1,WEEKDAY($A50,2))*(1+Controls!$B$11)^48*(1+Controls!O$25*Smooth!$L50)*(1+Controls!O$26*Smooth!$M50)*(1+Controls!O$27*Smooth!$N50)*(1+Controls!O$28*Smooth!$O50)),2))} | K50: {=IF(OR($A50="",10>Controls!$B$6),"",ROUND(MAX(0,Smooth!K50*Controls!K$17*INDEX(Controls!$B$21:$H$21,1,WEEKDAY($A50,2))*(1+Controls!$B$11)^48*(1+Controls!P$25*Smooth!$L50)*(1+Controls!P$26*Smooth!$M50)*(1+Controls!P$27*Smooth!$N50)*(1+Controls!P$28*Smooth!$O50)),2))} | L50: =IF(A50="","",SUM(B50:K50)) -> 62.51
A51: =IF(50<=Controls!$B$5,Controls!$B$4+49,"") -> 73040 | B51: {=IF(OR($A51="",1>Controls!$B$6),"",ROUND(MAX(0,Smooth!B51*Controls!B$17*INDEX(Controls!$B$21:$H$21,1,WEEKDAY($A51,2))*(1+Controls!$B$11)^49*(1+Controls!G$25*Smooth!$L51)*(1+Controls!G$26*Smooth!$M51)*(1+Controls!G$27*Smooth!$N51)*(1+Controls!G$28*Smooth!$O51)),2))} -> 64.83 | C51: {=IF(OR($A51="",2>Controls!$B$6),"",ROUND(MAX(0,Smooth!C51*Controls!C$17*INDEX(Controls!$B$21:$H$21,1,WEEKDAY($A51,2))*(1+Controls!$B$11)^49*(1+Controls!H$25*Smooth!$L51)*(1+Controls!H$26*Smooth!$M51)*(1+Controls!H$27*Smooth!$N51)*(1+Controls!H$28*Smooth!$O51)),2))} -> 46.31 | D51: {=IF(OR($A51="",3>Controls!$B$6),"",ROUND(MAX(0,Smooth!D51*Controls!D$17*INDEX(Controls!$B$21:$H$21,1,WEEKDAY($A51,2))*(1+Controls!$B$11)^49*(1+Controls!I$25*Smooth!$L51)*(1+Controls!I$26*Smooth!$M51)*(1+Controls!I$27*Smooth!$N51)*(1+Controls!I$28*Smooth!$O51)),2))} -> 54.09 | E51: {=IF(OR($A51="",4>Controls!$B$6),"",ROUND(MAX(0,Smooth!E51*Controls!E$17*INDEX(Controls!$B$21:$H$21,1,WEEKDAY($A51,2))*(1+Controls!$B$11)^49*(1+Controls!J$25*Smooth!$L51)*(1+Controls!J$26*Smooth!$M51)*(1+Controls!J$27*Smooth!$N51)*(1+Controls!J$28*Smooth!$O51)),2))} | F51: {=IF(OR($A51="",5>Controls!$B$6),"",ROUND(MAX(0,Smooth!F51*Controls!F$17*INDEX(Controls!$B$21:$H$21,1,WEEKDAY($A51,2))*(1+Controls!$B$11)^49*(1+Controls!K$25*Smooth!$L51)*(1+Controls!K$26*Smooth!$M51)*(1+Controls!K$27*Smooth!$N51)*(1+Controls!K$28*Smooth!$O51)),2))} | G51: {=IF(OR($A51="",6>Controls!$B$6),"",ROUND(MAX(0,Smooth!G51*Controls!G$17*INDEX(Controls!$B$21:$H$21,1,WEEKDAY($A51,2))*(1+Controls!$B$11)^49*(1+Controls!L$25*Smooth!$L51)*(1+Controls!L$26*Smooth!$M51)*(1+Controls!L$27*Smooth!$N51)*(1+Controls!L$28*Smooth!$O51)),2))} | H51: {=IF(OR($A51="",7>Controls!$B$6),"",ROUND(MAX(0,Smooth!H51*Controls!H$17*INDEX(Controls!$B$21:$H$21,1,WEEKDAY($A51,2))*(1+Controls!$B$11)^49*(1+Controls!M$25*Smooth!$L51)*(1+Controls!M$26*Smooth!$M51)*(1+Controls!M$27*Smooth!$N51)*(1+Controls!M$28*Smooth!$O51)),2))} | I51: {=IF(OR($A51="",8>Controls!$B$6),"",ROUND(MAX(0,Smooth!I51*Controls!I$17*INDEX(Controls!$B$21:$H$21,1,WEEKDAY($A51,2))*(1+Controls!$B$11)^49*(1+Controls!N$25*Smooth!$L51)*(1+Controls!N$26*Smooth!$M51)*(1+Controls!N$27*Smooth!$N51)*(1+Controls!N$28*Smooth!$O51)),2))} | J51: {=IF(OR($A51="",9>Controls!$B$6),"",ROUND(MAX(0,Smooth!J51*Controls!J$17*INDEX(Controls!$B$21:$H$21,1,WEEKDAY($A51,2))*(1+Controls!$B$11)^49*(1+Controls!O$25*Smooth!$L51)*(1+Controls!O$26*Smooth!$M51)*(1+Controls!O$27*Smooth!$N51)*(1+Controls!O$28*Smooth!$O51)),2))} | K51: {=IF(OR($A51="",10>Controls!$B$6),"",ROUND(MAX(0,Smooth!K51*Controls!K$17*INDEX(Controls!$B$21:$H$21,1,WEEKDAY($A51,2))*(1+Controls!$B$11)^49*(1+Controls!P$25*Smooth!$L51)*(1+Controls!P$26*Smooth!$M51)*(1+Controls!P$27*Smooth!$N51)*(1+Controls!P$28*Smooth!$O51)),2))} | L51: =IF(A51="","",SUM(B51:K51)) -> 165.23
A52: =IF(51<=Controls!$B$5,Controls!$B$4+50,"") -> 73041 | B52: {=IF(OR($A52="",1>Controls!$B$6),"",ROUND(MAX(0,Smooth!B52*Controls!B$17*INDEX(Controls!$B$21:$H$21,1,WEEKDAY($A52,2))*(1+Controls!$B$11)^50*(1+Controls!G$25*Smooth!$L52)*(1+Controls!G$26*Smooth!$M52)*(1+Controls!G$27*Smooth!$N52)*(1+Controls!G$28*Smooth!$O52)),2))} -> 61.11 | C52: {=IF(OR($A52="",2>Controls!$B$6),"",ROUND(MAX(0,Smooth!C52*Controls!C$17*INDEX(Controls!$B$21:$H$21,1,WEEKDAY($A52,2))*(1+Controls!$B$11)^50*(1+Controls!H$25*Smooth!$L52)*(1+Controls!H$26*Smooth!$M52)*(1+Controls!H$27*Smooth!$N52)*(1+Controls!H$28*Smooth!$O52)),2))} -> 56.1 | D52: {=IF(OR($A52="",3>Controls!$B$6),"",ROUND(MAX(0,Smooth!D52*Controls!D$17*INDEX(Controls!$B$21:$H$21,1,WEEKDAY($A52,2))*(1+Controls!$B$11)^50*(1+Controls!I$25*Smooth!$L52)*(1+Controls!I$26*Smooth!$M52)*(1+Controls!I$27*Smooth!$N52)*(1+Controls!I$28*Smooth!$O52)),2))} -> 50.94 | E52: {=IF(OR($A52="",4>Controls!$B$6),"",ROUND(MAX(0,Smooth!E52*Controls!E$17*INDEX(Controls!$B$21:$H$21,1,WEEKDAY($A52,2))*(1+Controls!$B$11)^50*(1+Controls!J$25*Smooth!$L52)*(1+Controls!J$26*Smooth!$M52)*(1+Controls!J$27*Smooth!$N52)*(1+Controls!J$28*Smooth!$O52)),2))} | F52: {=IF(OR($A52="",5>Controls!$B$6),"",ROUND(MAX(0,Smooth!F52*Controls!F$17*INDEX(Controls!$B$21:$H$21,1,WEEKDAY($A52,2))*(1+Controls!$B$11)^50*(1+Controls!K$25*Smooth!$L52)*(1+Controls!K$26*Smooth!$M52)*(1+Controls!K$27*Smooth!$N52)*(1+Controls!K$28*Smooth!$O52)),2))} | G52: {=IF(OR($A52="",6>Controls!$B$6),"",ROUND(MAX(0,Smooth!G52*Controls!G$17*INDEX(Controls!$B$21:$H$21,1,WEEKDAY($A52,2))*(1+Controls!$B$11)^50*(1+Controls!L$25*Smooth!$L52)*(1+Controls!L$26*Smooth!$M52)*(1+Controls!L$27*Smooth!$N52)*(1+Controls!L$28*Smooth!$O52)),2))} | H52: {=IF(OR($A52="",7>Controls!$B$6),"",ROUND(MAX(0,Smooth!H52*Controls!H$17*INDEX(Controls!$B$21:$H$21,1,WEEKDAY($A52,2))*(1+Controls!$B$11)^50*(1+Controls!M$25*Smooth!$L52)*(1+Controls!M$26*Smooth!$M52)*(1+Controls!M$27*Smooth!$N52)*(1+Controls!M$28*Smooth!$O52)),2))} | I52: {=IF(OR($A52="",8>Controls!$B$6),"",ROUND(MAX(0,Smooth!I52*Controls!I$17*INDEX(Controls!$B$21:$H$21,1,WEEKDAY($A52,2))*(1+Controls!$B$11)^50*(1+Controls!N$25*Smooth!$L52)*(1+Controls!N$26*Smooth!$M52)*(1+Controls!N$27*Smooth!$N52)*(1+Controls!N$28*Smooth!$O52)),2))} | J52: {=IF(OR($A52="",9>Controls!$B$6),"",ROUND(MAX(0,Smooth!J52*Controls!J$17*INDEX(Controls!$B$21:$H$21,1,WEEKDAY($A52,2))*(1+Controls!$B$11)^50*(1+Controls!O$25*Smooth!$L52)*(1+Controls!O$26*Smooth!$M52)*(1+Controls!O$27*Smooth!$N52)*(1+Controls!O$28*Smooth!$O52)),2))} | K52: {=IF(OR($A52="",10>Controls!$B$6),"",ROUND(MAX(0,Smooth!K52*Controls!K$17*INDEX(Controls!$B$21:$H$21,1,WEEKDAY($A52,2))*(1+Controls!$B$11)^50*(1+Controls!P$25*Smooth!$L52)*(1+Controls!P$26*Smooth!$M52)*(1+Controls!P$27*Smooth!$N52)*(1+Controls!P$28*Smooth!$O52)),2))} | L52: =IF(A52="","",SUM(B52:K52)) -> 168.15
A53: =IF(52<=Controls!$B$5,Controls!$B$4+51,"") -> 73042 | B53: {=IF(OR($A53="",1>Controls!$B$6),"",ROUND(MAX(0,Smooth!B53*Controls!B$17*INDEX(Controls!$B$21:$H$21,1,WEEKDAY($A53,2))*(1+Controls!$B$11)^51*(1+Controls!G$25*Smooth!$L53)*(1+Controls!G$26*Smooth!$M53)*(1+Controls!G$27*Smooth!$N53)*(1+Controls!G$28*Smooth!$O53)),2))} -> 66.02 | C53: {=IF(OR($A53="",2>Controls!$B$6),"",ROUND(MAX(0,Smooth!C53*Controls!C$17*INDEX(Controls!$B$21:$H$21,1,WEEKDAY($A53,2))*(1+Controls!$B$11)^51*(1+Controls!H$25*Smooth!$L53)*(1+Controls!H$26*Smooth!$M53)*(1+Controls!H$27*Smooth!$N53)*(1+Controls!H$28*Smooth!$O53)),2))} -> 47.62 | D53: {=IF(OR($A53="",3>Controls!$B$6),"",ROUND(MAX(0,Smooth!D53*Controls!D$17*INDEX(Controls!$B$21:$H$21,1,WEEKDAY($A53,2))*(1+Controls!$B$11)^51*(1+Controls!I$25*Smooth!$L53)*(1+Controls!I$26*Smooth!$M53)*(1+Controls!I$27*Smooth!$N53)*(1+Controls!I$28*Smooth!$O53)),2))} -> 58.97 | E53: {=IF(OR($A53="",4>Controls!$B$6),"",ROUND(MAX(0,Smooth!E53*Controls!E$17*INDEX(Controls!$B$21:$H$21,1,WEEKDAY($A53,2))*(1+Controls!$B$11)^51*(1+Controls!J$25*Smooth!$L53)*(1+Controls!J$26*Smooth!$M53)*(1+Controls!J$27*Smooth!$N53)*(1+Controls!J$28*Smooth!$O53)),2))} | F53: {=IF(OR($A53="",5>Controls!$B$6),"",ROUND(MAX(0,Smooth!F53*Controls!F$17*INDEX(Controls!$B$21:$H$21,1,WEEKDAY($A53,2))*(1+Controls!$B$11)^51*(1+Controls!K$25*Smooth!$L53)*(1+Controls!K$26*Smooth!$M53)*(1+Controls!K$27*Smooth!$N53)*(1+Controls!K$28*Smooth!$O53)),2))} | G53: {=IF(OR($A53="",6>Controls!$B$6),"",ROUND(MAX(0,Smooth!G53*Controls!G$17*INDEX(Controls!$B$21:$H$21,1,WEEKDAY($A53,2))*(1+Controls!$B$11)^51*(1+Controls!L$25*Smooth!$L53)*(1+Controls!L$26*Smooth!$M53)*(1+Controls!L$27*Smooth!$N53)*(1+Controls!L$28*Smooth!$O53)),2))} | H53: {=IF(OR($A53="",7>Controls!$B$6),"",ROUND(MAX(0,Smooth!H53*Controls!H$17*INDEX(Controls!$B$21:$H$21,1,WEEKDAY($A53,2))*(1+Controls!$B$11)^51*(1+Controls!M$25*Smooth!$L53)*(1+Controls!M$26*Smooth!$M53)*(1+Controls!M$27*Smooth!$N53)*(1+Controls!M$28*Smooth!$O53)),2))} | I53: {=IF(OR($A53="",8>Controls!$B$6),"",ROUND(MAX(0,Smooth!I53*Controls!I$17*INDEX(Controls!$B$21:$H$21,1,WEEKDAY($A53,2))*(1+Controls!$B$11)^51*(1+Controls!N$25*Smooth!$L53)*(1+Controls!N$26*Smooth!$M53)*(1+Controls!N$27*Smooth!$N53)*(1+Controls!N$28*Smooth!$O53)),2))} | J53: {=IF(OR($A53="",9>Controls!$B$6),"",ROUND(MAX(0,Smooth!J53*Controls!J$17*INDEX(Controls!$B$21:$H$21,1,WEEKDAY($A53,2))*(1+Controls!$B$11)^51*(1+Controls!O$25*Smooth!$L53)*(1+Controls!O$26*Smooth!$M53)*(1+Controls!O$27*Smooth!$N53)*(1+Controls!O$28*Smooth!$O53)),2))} | K53: {=IF(OR($A53="",10>Controls!$B$6),"",ROUND(MAX(0,Smooth!K53*Controls!K$17*INDEX(Controls!$B$21:$H$21,1,WEEKDAY($A53,2))*(1+Controls!$B$11)^51*(1+Controls!P$25*Smooth!$L53)*(1+Controls!P$26*Smooth!$M53)*(1+Controls!P$27*Smooth!$N53)*(1+Controls!P$28*Smooth!$O53)),2))} | L53: =IF(A53="","",SUM(B53:K53)) -> 172.61
A54: =IF(53<=Controls!$B$5,Controls!$B$4+52,"") -> 73043 | B54: {=IF(OR($A54="",1>Controls!$B$6),"",ROUND(MAX(0,Smooth!B54*Controls!B$17*INDEX(Controls!$B$21:$H$21,1,WEEKDAY($A54,2))*(1+Controls!$B$11)^52*(1+Controls!G$25*Smooth!$L54)*(1+Controls!G$26*Smooth!$M54)*(1+Controls!G$27*Smooth!$N54)*(1+Controls!G$28*Smooth!$O54)),2))} -> 66.08 | C54: {=IF(OR($A54="",2>Controls!$B$6),"",ROUND(MAX(0,Smooth!C54*Controls!C$17*INDEX(Controls!$B$21:$H$21,1,WEEKDAY($A54,2))*(1+Controls!$B$11)^52*(1+Controls!H$25*Smooth!$L54)*(1+Controls!H$26*Smooth!$M54)*(1+Controls!H$27*Smooth!$N54)*(1+Controls!H$28*Smooth!$O54)),2))} -> 43.24 | D54: {=IF(OR($A54="",3>Controls!$B$6),"",ROUND(MAX(0,Smooth!D54*Controls!D$17*INDEX(Controls!$B$21:$H$21,1,WEEKDAY($A54,2))*(1+Controls!$B$11)^52*(1+Controls!I$25*Smooth!$L54)*(1+Controls!I$26*Smooth!$M54)*(1+Controls!I$27*Smooth!$N54)*(1+Controls!I$28*Smooth!$O54)),2))} -> 52.57 | E54: {=IF(OR($A54="",4>Controls!$B$6),"",ROUND(MAX(0,Smooth!E54*Controls!E$17*INDEX(Controls!$B$21:$H$21,1,WEEKDAY($A54,2))*(1+Controls!$B$11)^52*(1+Controls!J$25*Smooth!$L54)*(1+Controls!J$26*Smooth!$M54)*(1+Controls!J$27*Smooth!$N54)*(1+Controls!J$28*Smooth!$O54)),2))} | F54: {=IF(OR($A54="",5>Controls!$B$6),"",ROUND(MAX(0,Smooth!F54*Controls!F$17*INDEX(Controls!$B$21:$H$21,1,WEEKDAY($A54,2))*(1+Controls!$B$11)^52*(1+Controls!K$25*Smooth!$L54)*(1+Controls!K$26*Smooth!$M54)*(1+Controls!K$27*Smooth!$N54)*(1+Controls!K$28*Smooth!$O54)),2))} | G54: {=IF(OR($A54="",6>Controls!$B$6),"",ROUND(MAX(0,Smooth!G54*Controls!G$17*INDEX(Controls!$B$21:$H$21,1,WEEKDAY($A54,2))*(1+Controls!$B$11)^52*(1+Controls!L$25*Smooth!$L54)*(1+Controls!L$26*Smooth!$M54)*(1+Controls!L$27*Smooth!$N54)*(1+Controls!L$28*Smooth!$O54)),2))} | H54: {=IF(OR($A54="",7>Controls!$B$6),"",ROUND(MAX(0,Smooth!H54*Controls!H$17*INDEX(Controls!$B$21:$H$21,1,WEEKDAY($A54,2))*(1+Controls!$B$11)^52*(1+Controls!M$25*Smooth!$L54)*(1+Controls!M$26*Smooth!$M54)*(1+Controls!M$27*Smooth!$N54)*(1+Controls!M$28*Smooth!$O54)),2))} | I54: {=IF(OR($A54="",8>Controls!$B$6),"",ROUND(MAX(0,Smooth!I54*Controls!I$17*INDEX(Controls!$B$21:$H$21,1,WEEKDAY($A54,2))*(1+Controls!$B$11)^52*(1+Controls!N$25*Smooth!$L54)*(1+Controls!N$26*Smooth!$M54)*(1+Controls!N$27*Smooth!$N54)*(1+Controls!N$28*Smooth!$O54)),2))} | J54: {=IF(OR($A54="",9>Controls!$B$6),"",ROUND(MAX(0,Smooth!J54*Controls!J$17*INDEX(Controls!$B$21:$H$21,1,WEEKDAY($A54,2))*(1+Controls!$B$11)^52*(1+Controls!O$25*Smooth!$L54)*(1+Controls!O$26*Smooth!$M54)*(1+Controls!O$27*Smooth!$N54)*(1+Controls!O$28*Smooth!$O54)),2))} | K54: {=IF(OR($A54="",10>Controls!$B$6),"",ROUND(MAX(0,Smooth!K54*Controls!K$17*INDEX(Controls!$B$21:$H$21,1,WEEKDAY($A54,2))*(1+Controls!$B$11)^52*(1+Controls!P$25*Smooth!$L54)*(1+Controls!P$26*Smooth!$M54)*(1+Controls!P$27*Smooth!$N54)*(1+Controls!P$28*Smooth!$O54)),2))} | L54: =IF(A54="","",SUM(B54:K54)) -> 161.89
A55: =IF(54<=Controls!$B$5,Controls!$B$4+53,"") -> 73044 | B55: {=IF(OR($A55="",1>Controls!$B$6),"",ROUND(MAX(0,Smooth!B55*Controls!B$17*INDEX(Controls!$B$21:$H$21,1,WEEKDAY($A55,2))*(1+Controls!$B$11)^53*(1+Controls!G$25*Smooth!$L55)*(1+Controls!G$26*Smooth!$M55)*(1+Controls!G$27*Smooth!$N55)*(1+Controls!G$28*Smooth!$O55)),2))} -> 51.24 | C55: {=IF(OR($A55="",2>Controls!$B$6),"",ROUND(MAX(0,Smooth!C55*Controls!C$17*INDEX(Controls!$B$21:$H$21,1,WEEKDAY($A55,2))*(1+Controls!$B$11)^53*(1+Controls!H$25*Smooth!$L55)*(1+Controls!H$26*Smooth!$M55)*(1+Controls!H$27*Smooth!$N55)*(1+Controls!H$28*Smooth!$O55)),2))} -> 38.31 | D55: {=IF(OR($A55="",3>Controls!$B$6),"",ROUND(MAX(0,Smooth!D55*Controls!D$17*INDEX(Controls!$B$21:$H$21,1,WEEKDAY($A55,2))*(1+Controls!$B$11)^53*(1+Controls!I$25*Smooth!$L55)*(1+Controls!I$26*Smooth!$M55)*(1+Controls!I$27*Smooth!$N55)*(1+Controls!I$28*Smooth!$O55)),2))} -> 57.41 | E55: {=IF(OR($A55="",4>Controls!$B$6),"",ROUND(MAX(0,Smooth!E55*Controls!E$17*INDEX(Controls!$B$21:$H$21,1,WEEKDAY($A55,2))*(1+Controls!$B$11)^53*(1+Controls!J$25*Smooth!$L55)*(1+Controls!J$26*Smooth!$M55)*(1+Controls!J$27*Smooth!$N55)*(1+Controls!J$28*Smooth!$O55)),2))} | F55: {=IF(OR($A55="",5>Controls!$B$6),"",ROUND(MAX(0,Smooth!F55*Controls!F$17*INDEX(Controls!$B$21:$H$21,1,WEEKDAY($A55,2))*(1+Controls!$B$11)^53*(1+Controls!K$25*Smooth!$L55)*(1+Controls!K$26*Smooth!$M55)*(1+Controls!K$27*Smooth!$N55)*(1+Controls!K$28*Smooth!$O55)),2))} | G55: {=IF(OR($A55="",6>Controls!$B$6),"",ROUND(MAX(0,Smooth!G55*Controls!G$17*INDEX(Controls!$B$21:$H$21,1,WEEKDAY($A55,2))*(1+Controls!$B$11)^53*(1+Controls!L$25*Smooth!$L55)*(1+Controls!L$26*Smooth!$M55)*(1+Controls!L$27*Smooth!$N55)*(1+Controls!L$28*Smooth!$O55)),2))} | H55: {=IF(OR($A55="",7>Controls!$B$6),"",ROUND(MAX(0,Smooth!H55*Controls!H$17*INDEX(Controls!$B$21:$H$21,1,WEEKDAY($A55,2))*(1+Controls!$B$11)^53*(1+Controls!M$25*Smooth!$L55)*(1+Controls!M$26*Smooth!$M55)*(1+Controls!M$27*Smooth!$N55)*(1+Controls!M$28*Smooth!$O55)),2))} | I55: {=IF(OR($A55="",8>Controls!$B$6),"",ROUND(MAX(0,Smooth!I55*Controls!I$17*INDEX(Controls!$B$21:$H$21,1,WEEKDAY($A55,2))*(1+Controls!$B$11)^53*(1+Controls!N$25*Smooth!$L55)*(1+Controls!N$26*Smooth!$M55)*(1+Controls!N$27*Smooth!$N55)*(1+Controls!N$28*Smooth!$O55)),2))} | J55: {=IF(OR($A55="",9>Controls!$B$6),"",ROUND(MAX(0,Smooth!J55*Controls!J$17*INDEX(Controls!$B$21:$H$21,1,WEEKDAY($A55,2))*(1+Controls!$B$11)^53*(1+Controls!O$25*Smooth!$L55)*(1+Controls!O$26*Smooth!$M55)*(1+Controls!O$27*Smooth!$N55)*(1+Controls!O$28*Smooth!$O55)),2))} | K55: {=IF(OR($A55="",10>Controls!$B$6),"",ROUND(MAX(0,Smooth!K55*Controls!K$17*INDEX(Controls!$B$21:$H$21,1,WEEKDAY($A55,2))*(1+Controls!$B$11)^53*(1+Controls!P$25*Smooth!$L55)*(1+Controls!P$26*Smooth!$M55)*(1+Controls!P$27*Smooth!$N55)*(1+Controls!P$28*Smooth!$O55)),2))} | L55: =IF(A55="","",SUM(B55:K55)) -> 146.96
A56: =IF(55<=Controls!$B$5,Controls!$B$4+54,"") -> 73045 | B56: {=IF(OR($A56="",1>Controls!$B$6),"",ROUND(MAX(0,Smooth!B56*Controls!B$17*INDEX(Controls!$B$21:$H$21,1,WEEKDAY($A56,2))*(1+Controls!$B$11)^54*(1+Controls!G$25*Smooth!$L56)*(1+Controls!G$26*Smooth!$M56)*(1+Controls!G$27*Smooth!$N56)*(1+Controls!G$28*Smooth!$O56)),2))} -> 31.37 | C56: {=IF(OR($A56="",2>Controls!$B$6),"",ROUND(MAX(0,Smooth!C56*Controls!C$17*INDEX(Controls!$B$21:$H$21,1,WEEKDAY($A56,2))*(1+Controls!$B$11)^54*(1+Controls!H$25*Smooth!$L56)*(1+Controls!H$26*Smooth!$M56)*(1+Controls!H$27*Smooth!$N56)*(1+Controls!H$28*Smooth!$O56)),2))} -> 22.63 | D56: {=IF(OR($A56="",3>Controls!$B$6),"",ROUND(MAX(0,Smooth!D56*Controls!D$17*INDEX(Controls!$B$21:$H$21,1,WEEKDAY($A56,2))*(1+Controls!$B$11)^54*(1+Controls!I$25*Smooth!$L56)*(1+Controls!I$26*Smooth!$M56)*(1+Controls!I$27*Smooth!$N56)*(1+Controls!I$28*Smooth!$O56)),2))} -> 31.19 | E56: {=IF(OR($A56="",4>Controls!$B$6),"",ROUND(MAX(0,Smooth!E56*Controls!E$17*INDEX(Controls!$B$21:$H$21,1,WEEKDAY($A56,2))*(1+Controls!$B$11)^54*(1+Controls!J$25*Smooth!$L56)*(1+Controls!J$26*Smooth!$M56)*(1+Controls!J$27*Smooth!$N56)*(1+Controls!J$28*Smooth!$O56)),2))} | F56: {=IF(OR($A56="",5>Controls!$B$6),"",ROUND(MAX(0,Smooth!F56*Controls!F$17*INDEX(Controls!$B$21:$H$21,1,WEEKDAY($A56,2))*(1+Controls!$B$11)^54*(1+Controls!K$25*Smooth!$L56)*(1+Controls!K$26*Smooth!$M56)*(1+Controls!K$27*Smooth!$N56)*(1+Controls!K$28*Smooth!$O56)),2))} | G56: {=IF(OR($A56="",6>Controls!$B$6),"",ROUND(MAX(0,Smooth!G56*Controls!G$17*INDEX(Controls!$B$21:$H$21,1,WEEKDAY($A56,2))*(1+Controls!$B$11)^54*(1+Controls!L$25*Smooth!$L56)*(1+Controls!L$26*Smooth!$M56)*(1+Controls!L$27*Smooth!$N56)*(1+Controls!L$28*Smooth!$O56)),2))} | H56: {=IF(OR($A56="",7>Controls!$B$6),"",ROUND(MAX(0,Smooth!H56*Controls!H$17*INDEX(Controls!$B$21:$H$21,1,WEEKDAY($A56,2))*(1+Controls!$B$11)^54*(1+Controls!M$25*Smooth!$L56)*(1+Controls!M$26*Smooth!$M56)*(1+Controls!M$27*Smooth!$N56)*(1+Controls!M$28*Smooth!$O56)),2))} | I56: {=IF(OR($A56="",8>Controls!$B$6),"",ROUND(MAX(0,Smooth!I56*Controls!I$17*INDEX(Controls!$B$21:$H$21,1,WEEKDAY($A56,2))*(1+Controls!$B$11)^54*(1+Controls!N$25*Smooth!$L56)*(1+Controls!N$26*Smooth!$M56)*(1+Controls!N$27*Smooth!$N56)*(1+Controls!N$28*Smooth!$O56)),2))} | J56: {=IF(OR($A56="",9>Controls!$B$6),"",ROUND(MAX(0,Smooth!J56*Controls!J$17*INDEX(Controls!$B$21:$H$21,1,WEEKDAY($A56,2))*(1+Controls!$B$11)^54*(1+Controls!O$25*Smooth!$L56)*(1+Controls!O$26*Smooth!$M56)*(1+Controls!O$27*Smooth!$N56)*(1+Controls!O$28*Smooth!$O56)),2))} | K56: {=IF(OR($A56="",10>Controls!$B$6),"",ROUND(MAX(0,Smooth!K56*Controls!K$17*INDEX(Controls!$B$21:$H$21,1,WEEKDAY($A56,2))*(1+Controls!$B$11)^54*(1+Controls!P$25*Smooth!$L56)*(1+Controls!P$26*Smooth!$M56)*(1+Controls!P$27*Smooth!$N56)*(1+Controls!P$28*Smooth!$O56)),2))} | L56: =IF(A56="","",SUM(B56:K56)) -> 85.19
A57: =IF(56<=Controls!$B$5,Controls!$B$4+55,"") -> 73046 | B57: {=IF(OR($A57="",1>Controls!$B$6),"",ROUND(MAX(0,Smooth!B57*Controls!B$17*INDEX(Controls!$B$21:$H$21,1,WEEKDAY($A57,2))*(1+Controls!$B$11)^55*(1+Controls!G$25*Smooth!$L57)*(1+Controls!G$26*Smooth!$M57)*(1+Controls!G$27*Smooth!$N57)*(1+Controls!G$28*Smooth!$O57)),2))} -> 21.46 | C57: {=IF(OR($A57="",2>Controls!$B$6),"",ROUND(MAX(0,Smooth!C57*Controls!C$17*INDEX(Controls!$B$21:$H$21,1,WEEKDAY($A57,2))*(1+Controls!$B$11)^55*(1+Controls!H$25*Smooth!$L57)*(1+Controls!H$26*Smooth!$M57)*(1+Controls!H$27*Smooth!$N57)*(1+Controls!H$28*Smooth!$O57)),2))} -> 5.4 | D57: {=IF(OR($A57="",3>Controls!$B$6),"",ROUND(MAX(0,Smooth!D57*Controls!D$17*INDEX(Controls!$B$21:$H$21,1,WEEKDAY($A57,2))*(1+Controls!$B$11)^55*(1+Controls!I$25*Smooth!$L57)*(1+Controls!I$26*Smooth!$M57)*(1+Controls!I$27*Smooth!$N57)*(1+Controls!I$28*Smooth!$O57)),2))} -> 19.32 | E57: {=IF(OR($A57="",4>Controls!$B$6),"",ROUND(MAX(0,Smooth!E57*Controls!E$17*INDEX(Controls!$B$21:$H$21,1,WEEKDAY($A57,2))*(1+Controls!$B$11)^55*(1+Controls!J$25*Smooth!$L57)*(1+Controls!J$26*Smooth!$M57)*(1+Controls!J$27*Smooth!$N57)*(1+Controls!J$28*Smooth!$O57)),2))} | F57: {=IF(OR($A57="",5>Controls!$B$6),"",ROUND(MAX(0,Smooth!F57*Controls!F$17*INDEX(Controls!$B$21:$H$21,1,WEEKDAY($A57,2))*(1+Controls!$B$11)^55*(1+Controls!K$25*Smooth!$L57)*(1+Controls!K$26*Smooth!$M57)*(1+Controls!K$27*Smooth!$N57)*(1+Controls!K$28*Smooth!$O57)),2))} | G57: {=IF(OR($A57="",6>Controls!$B$6),"",ROUND(MAX(0,Smooth!G57*Controls!G$17*INDEX(Controls!$B$21:$H$21,1,WEEKDAY($A57,2))*(1+Controls!$B$11)^55*(1+Controls!L$25*Smooth!$L57)*(1+Controls!L$26*Smooth!$M57)*(1+Controls!L$27*Smooth!$N57)*(1+Controls!L$28*Smooth!$O57)),2))} | H57: {=IF(OR($A57="",7>Controls!$B$6),"",ROUND(MAX(0,Smooth!H57*Controls!H$17*INDEX(Controls!$B$21:$H$21,1,WEEKDAY($A57,2))*(1+Controls!$B$11)^55*(1+Controls!M$25*Smooth!$L57)*(1+Controls!M$26*Smooth!$M57)*(1+Controls!M$27*Smooth!$N57)*(1+Controls!M$28*Smooth!$O57)),2))} | I57: {=IF(OR($A57="",8>Controls!$B$6),"",ROUND(MAX(0,Smooth!I57*Controls!I$17*INDEX(Controls!$B$21:$H$21,1,WEEKDAY($A57,2))*(1+Controls!$B$11)^55*(1+Controls!N$25*Smooth!$L57)*(1+Controls!N$26*Smooth!$M57)*(1+Controls!N$27*Smooth!$N57)*(1+Controls!N$28*Smooth!$O57)),2))} | J57: {=IF(OR($A57="",9>Controls!$B$6),"",ROUND(MAX(0,Smooth!J57*Controls!J$17*INDEX(Controls!$B$21:$H$21,1,WEEKDAY($A57,2))*(1+Controls!$B$11)^55*(1+Controls!O$25*Smooth!$L57)*(1+Controls!O$26*Smooth!$M57)*(1+Controls!O$27*Smooth!$N57)*(1+Controls!O$28*Smooth!$O57)),2))} | K57: {=IF(OR($A57="",10>Controls!$B$6),"",ROUND(MAX(0,Smooth!K57*Controls!K$17*INDEX(Controls!$B$21:$H$21,1,WEEKDAY($A57,2))*(1+Controls!$B$11)^55*(1+Controls!P$25*Smooth!$L57)*(1+Controls!P$26*Smooth!$M57)*(1+Controls!P$27*Smooth!$N57)*(1+Controls!P$28*Smooth!$O57)),2))} | L57: =IF(A57="","",SUM(B57:K57)) -> 46.18
A58: =IF(57<=Controls!$B$5,Controls!$B$4+56,"") -> 73047 | B58: {=IF(OR($A58="",1>Controls!$B$6),"",ROUND(MAX(0,Smooth!B58*Controls!B$17*INDEX(Controls!$B$21:$H$21,1,WEEKDAY($A58,2))*(1+Controls!$B$11)^56*(1+Controls!G$25*Smooth!$L58)*(1+Controls!G$26*Smooth!$M58)*(1+Controls!G$27*Smooth!$N58)*(1+Controls!G$28*Smooth!$O58)),2))} -> 64.39 | C58: {=IF(OR($A58="",2>Controls!$B$6),"",ROUND(MAX(0,Smooth!C58*Controls!C$17*INDEX(Controls!$B$21:$H$21,1,WEEKDAY($A58,2))*(1+Controls!$B$11)^56*(1+Controls!H$25*Smooth!$L58)*(1+Controls!H$26*Smooth!$M58)*(1+Controls!H$27*Smooth!$N58)*(1+Controls!H$28*Smooth!$O58)),2))} -> 30.98 | D58: {=IF(OR($A58="",3>Controls!$B$6),"",ROUND(MAX(0,Smooth!D58*Controls!D$17*INDEX(Controls!$B$21:$H$21,1,WEEKDAY($A58,2))*(1+Controls!$B$11)^56*(1+Controls!I$25*Smooth!$L58)*(1+Controls!I$26*Smooth!$M58)*(1+Controls!I$27*Smooth!$N58)*(1+Controls!I$28*Smooth!$O58)),2))} -> 62.41 | E58: {=IF(OR($A58="",4>Controls!$B$6),"",ROUND(MAX(0,Smooth!E58*Controls!E$17*INDEX(Controls!$B$21:$H$21,1,WEEKDAY($A58,2))*(1+Controls!$B$11)^56*(1+Controls!J$25*Smooth!$L58)*(1+Controls!J$26*Smooth!$M58)*(1+Controls!J$27*Smooth!$N58)*(1+Controls!J$28*Smooth!$O58)),2))} | F58: {=IF(OR($A58="",5>Controls!$B$6),"",ROUND(MAX(0,Smooth!F58*Controls!F$17*INDEX(Controls!$B$21:$H$21,1,WEEKDAY($A58,2))*(1+Controls!$B$11)^56*(1+Controls!K$25*Smooth!$L58)*(1+Controls!K$26*Smooth!$M58)*(1+Controls!K$27*Smooth!$N58)*(1+Controls!K$28*Smooth!$O58)),2))} | G58: {=IF(OR($A58="",6>Controls!$B$6),"",ROUND(MAX(0,Smooth!G58*Controls!G$17*INDEX(Controls!$B$21:$H$21,1,WEEKDAY($A58,2))*(1+Controls!$B$11)^56*(1+Controls!L$25*Smooth!$L58)*(1+Controls!L$26*Smooth!$M58)*(1+Controls!L$27*Smooth!$N58)*(1+Controls!L$28*Smooth!$O58)),2))} | H58: {=IF(OR($A58="",7>Controls!$B$6),"",ROUND(MAX(0,Smooth!H58*Controls!H$17*INDEX(Controls!$B$21:$H$21,1,WEEKDAY($A58,2))*(1+Controls!$B$11)^56*(1+Controls!M$25*Smooth!$L58)*(1+Controls!M$26*Smooth!$M58)*(1+Controls!M$27*Smooth!$N58)*(1+Controls!M$28*Smooth!$O58)),2))} | I58: {=IF(OR($A58="",8>Controls!$B$6),"",ROUND(MAX(0,Smooth!I58*Controls!I$17*INDEX(Controls!$B$21:$H$21,1,WEEKDAY($A58,2))*(1+Controls!$B$11)^56*(1+Controls!N$25*Smooth!$L58)*(1+Controls!N$26*Smooth!$M58)*(1+Controls!N$27*Smooth!$N58)*(1+Controls!N$28*Smooth!$O58)),2))} | J58: {=IF(OR($A58="",9>Controls!$B$6),"",ROUND(MAX(0,Smooth!J58*Controls!J$17*INDEX(Controls!$B$21:$H$21,1,WEEKDAY($A58,2))*(1+Controls!$B$11)^56*(1+Controls!O$25*Smooth!$L58)*(1+Controls!O$26*Smooth!$M58)*(1+Controls!O$27*Smooth!$N58)*(1+Controls!O$28*Smooth!$O58)),2))} | K58: {=IF(OR($A58="",10>Controls!$B$6),"",ROUND(MAX(0,Smooth!K58*Controls!K$17*INDEX(Controls!$B$21:$H$21,1,WEEKDAY($A58,2))*(1+Controls!$B$11)^56*(1+Controls!P$25*Smooth!$L58)*(1+Controls!P$26*Smooth!$M58)*(1+Controls!P$27*Smooth!$N58)*(1+Controls!P$28*Smooth!$O58)),2))} | L58: =IF(A58="","",SUM(B58:K58)) -> 157.78
A59: =IF(58<=Controls!$B$5,Controls!$B$4+57,"") -> 73048 | B59: {=IF(OR($A59="",1>Controls!$B$6),"",ROUND(MAX(0,Smooth!B59*Controls!B$17*INDEX(Controls!$B$21:$H$21,1,WEEKDAY($A59,2))*(1+Controls!$B$11)^57*(1+Controls!G$25*Smooth!$L59)*(1+Controls!G$26*Smooth!$M59)*(1+Controls!G$27*Smooth!$N59)*(1+Controls!G$28*Smooth!$O59)),2))} -> 57.92 | C59: {=IF(OR($A59="",2>Controls!$B$6),"",ROUND(MAX(0,Smooth!C59*Controls!C$17*INDEX(Controls!$B$21:$H$21,1,WEEKDAY($A59,2))*(1+Controls!$B$11)^57*(1+Controls!H$25*Smooth!$L59)*(1+Controls!H$26*Smooth!$M59)*(1+Controls!H$27*Smooth!$N59)*(1+Controls!H$28*Smooth!$O59)),2))} -> 29.41 | D59: {=IF(OR($A59="",3>Controls!$B$6),"",ROUND(MAX(0,Smooth!D59*Controls!D$17*INDEX(Controls!$B$21:$H$21,1,WEEKDAY($A59,2))*(1+Controls!$B$11)^57*(1+Controls!I$25*Smooth!$L59)*(1+Controls!I$26*Smooth!$M59)*(1+Controls!I$27*Smooth!$N59)*(1+Controls!I$28*Smooth!$O59)),2))} -> 51.94 | E59: {=IF(OR($A59="",4>Controls!$B$6),"",ROUND(MAX(0,Smooth!E59*Controls!E$17*INDEX(Controls!$B$21:$H$21,1,WEEKDAY($A59,2))*(1+Controls!$B$11)^57*(1+Controls!J$25*Smooth!$L59)*(1+Controls!J$26*Smooth!$M59)*(1+Controls!J$27*Smooth!$N59)*(1+Controls!J$28*Smooth!$O59)),2))} | F59: {=IF(OR($A59="",5>Controls!$B$6),"",ROUND(MAX(0,Smooth!F59*Controls!F$17*INDEX(Controls!$B$21:$H$21,1,WEEKDAY($A59,2))*(1+Controls!$B$11)^57*(1+Controls!K$25*Smooth!$L59)*(1+Controls!K$26*Smooth!$M59)*(1+Controls!K$27*Smooth!$N59)*(1+Controls!K$28*Smooth!$O59)),2))} | G59: {=IF(OR($A59="",6>Controls!$B$6),"",ROUND(MAX(0,Smooth!G59*Controls!G$17*INDEX(Controls!$B$21:$H$21,1,WEEKDAY($A59,2))*(1+Controls!$B$11)^57*(1+Controls!L$25*Smooth!$L59)*(1+Controls!L$26*Smooth!$M59)*(1+Controls!L$27*Smooth!$N59)*(1+Controls!L$28*Smooth!$O59)),2))} | H59: {=IF(OR($A59="",7>Controls!$B$6),"",ROUND(MAX(0,Smooth!H59*Controls!H$17*INDEX(Controls!$B$21:$H$21,1,WEEKDAY($A59,2))*(1+Controls!$B$11)^57*(1+Controls!M$25*Smooth!$L59)*(1+Controls!M$26*Smooth!$M59)*(1+Controls!M$27*Smooth!$N59)*(1+Controls!M$28*Smooth!$O59)),2))} | I59: {=IF(OR($A59="",8>Controls!$B$6),"",ROUND(MAX(0,Smooth!I59*Controls!I$17*INDEX(Controls!$B$21:$H$21,1,WEEKDAY($A59,2))*(1+Controls!$B$11)^57*(1+Controls!N$25*Smooth!$L59)*(1+Controls!N$26*Smooth!$M59)*(1+Controls!N$27*Smooth!$N59)*(1+Controls!N$28*Smooth!$O59)),2))} | J59: {=IF(OR($A59="",9>Controls!$B$6),"",ROUND(MAX(0,Smooth!J59*Controls!J$17*INDEX(Controls!$B$21:$H$21,1,WEEKDAY($A59,2))*(1+Controls!$B$11)^57*(1+Controls!O$25*Smooth!$L59)*(1+Controls!O$26*Smooth!$M59)*(1+Controls!O$27*Smooth!$N59)*(1+Controls!O$28*Smooth!$O59)),2))} | K59: {=IF(OR($A59="",10>Controls!$B$6),"",ROUND(MAX(0,Smooth!K59*Controls!K$17*INDEX(Controls!$B$21:$H$21,1,WEEKDAY($A59,2))*(1+Controls!$B$11)^57*(1+Controls!P$25*Smooth!$L59)*(1+Controls!P$26*Smooth!$M59)*(1+Controls!P$27*Smooth!$N59)*(1+Controls!P$28*Smooth!$O59)),2))} | L59: =IF(A59="","",SUM(B59:K59)) -> 139.27
A60: =IF(59<=Controls!$B$5,Controls!$B$4+58,"") -> 73049 | B60: {=IF(OR($A60="",1>Controls!$B$6),"",ROUND(MAX(0,Smooth!B60*Controls!B$17*INDEX(Controls!$B$21:$H$21,1,WEEKDAY($A60,2))*(1+Controls!$B$11)^58*(1+Controls!G$25*Smooth!$L60)*(1+Controls!G$26*Smooth!$M60)*(1+Controls!G$27*Smooth!$N60)*(1+Controls!G$28*Smooth!$O60)),2))} -> 57.2 | C60: {=IF(OR($A60="",2>Controls!$B$6),"",ROUND(MAX(0,Smooth!C60*Controls!C$17*INDEX(Controls!$B$21:$H$21,1,WEEKDAY($A60,2))*(1+Controls!$B$11)^58*(1+Controls!H$25*Smooth!$L60)*(1+Controls!H$26*Smooth!$M60)*(1+Controls!H$27*Smooth!$N60)*(1+Controls!H$28*Smooth!$O60)),2))} -> 36.29 | D60: {=IF(OR($A60="",3>Controls!$B$6),"",ROUND(MAX(0,Smooth!D60*Controls!D$17*INDEX(Controls!$B$21:$H$21,1,WEEKDAY($A60,2))*(1+Controls!$B$11)^58*(1+Controls!I$25*Smooth!$L60)*(1+Controls!I$26*Smooth!$M60)*(1+Controls!I$27*Smooth!$N60)*(1+Controls!I$28*Smooth!$O60)),2))} -> 59.07 | E60: {=IF(OR($A60="",4>Controls!$B$6),"",ROUND(MAX(0,Smooth!E60*Controls!E$17*INDEX(Controls!$B$21:$H$21,1,WEEKDAY($A60,2))*(1+Controls!$B$11)^58*(1+Controls!J$25*Smooth!$L60)*(1+Controls!J$26*Smooth!$M60)*(1+Controls!J$27*Smooth!$N60)*(1+Controls!J$28*Smooth!$O60)),2))} | F60: {=IF(OR($A60="",5>Controls!$B$6),"",ROUND(MAX(0,Smooth!F60*Controls!F$17*INDEX(Controls!$B$21:$H$21,1,WEEKDAY($A60,2))*(1+Controls!$B$11)^58*(1+Controls!K$25*Smooth!$L60)*(1+Controls!K$26*Smooth!$M60)*(1+Controls!K$27*Smooth!$N60)*(1+Controls!K$28*Smooth!$O60)),2))} | G60: {=IF(OR($A60="",6>Controls!$B$6),"",ROUND(MAX(0,Smooth!G60*Controls!G$17*INDEX(Controls!$B$21:$H$21,1,WEEKDAY($A60,2))*(1+Controls!$B$11)^58*(1+Controls!L$25*Smooth!$L60)*(1+Controls!L$26*Smooth!$M60)*(1+Controls!L$27*Smooth!$N60)*(1+Controls!L$28*Smooth!$O60)),2))} | H60: {=IF(OR($A60="",7>Controls!$B$6),"",ROUND(MAX(0,Smooth!H60*Controls!H$17*INDEX(Controls!$B$21:$H$21,1,WEEKDAY($A60,2))*(1+Controls!$B$11)^58*(1+Controls!M$25*Smooth!$L60)*(1+Controls!M$26*Smooth!$M60)*(1+Controls!M$27*Smooth!$N60)*(1+Controls!M$28*Smooth!$O60)),2))} | I60: {=IF(OR($A60="",8>Controls!$B$6),"",ROUND(MAX(0,Smooth!I60*Controls!I$17*INDEX(Controls!$B$21:$H$21,1,WEEKDAY($A60,2))*(1+Controls!$B$11)^58*(1+Controls!N$25*Smooth!$L60)*(1+Controls!N$26*Smooth!$M60)*(1+Controls!N$27*Smooth!$N60)*(1+Controls!N$28*Smooth!$O60)),2))} | J60: {=IF(OR($A60="",9>Controls!$B$6),"",ROUND(MAX(0,Smooth!J60*Controls!J$17*INDEX(Controls!$B$21:$H$21,1,WEEKDAY($A60,2))*(1+Controls!$B$11)^58*(1+Controls!O$25*Smooth!$L60)*(1+Controls!O$26*Smooth!$M60)*(1+Controls!O$27*Smooth!$N60)*(1+Controls!O$28*Smooth!$O60)),2))} | K60: {=IF(OR($A60="",10>Controls!$B$6),"",ROUND(MAX(0,Smooth!K60*Controls!K$17*INDEX(Controls!$B$21:$H$21,1,WEEKDAY($A60,2))*(1+Controls!$B$11)^58*(1+Controls!P$25*Smooth!$L60)*(1+Controls!P$26*Smooth!$M60)*(1+Controls!P$27*Smooth!$N60)*(1+Controls!P$28*Smooth!$O60)),2))} | L60: =IF(A60="","",SUM(B60:K60)) -> 152.56
A61: =IF(60<=Controls!$B$5,Controls!$B$4+59,"") -> 73050 | B61: {=IF(OR($A61="",1>Controls!$B$6),"",ROUND(MAX(0,Smooth!B61*Controls!B$17*INDEX(Controls!$B$21:$H$21,1,WEEKDAY($A61,2))*(1+Controls!$B$11)^59*(1+Controls!G$25*Smooth!$L61)*(1+Controls!G$26*Smooth!$M61)*(1+Controls!G$27*Smooth!$N61)*(1+Controls!G$28*Smooth!$O61)),2))} -> 58.82 | C61: {=IF(OR($A61="",2>Controls!$B$6),"",ROUND(MAX(0,Smooth!C61*Controls!C$17*INDEX(Controls!$B$21:$H$21,1,WEEKDAY($A61,2))*(1+Controls!$B$11)^59*(1+Controls!H$25*Smooth!$L61)*(1+Controls!H$26*Smooth!$M61)*(1+Controls!H$27*Smooth!$N61)*(1+Controls!H$28*Smooth!$O61)),2))} -> 51.8 | D61: {=IF(OR($A61="",3>Controls!$B$6),"",ROUND(MAX(0,Smooth!D61*Controls!D$17*INDEX(Controls!$B$21:$H$21,1,WEEKDAY($A61,2))*(1+Controls!$B$11)^59*(1+Controls!I$25*Smooth!$L61)*(1+Controls!I$26*Smooth!$M61)*(1+Controls!I$27*Smooth!$N61)*(1+Controls!I$28*Smooth!$O61)),2))} -> 67.22 | E61: {=IF(OR($A61="",4>Controls!$B$6),"",ROUND(MAX(0,Smooth!E61*Controls!E$17*INDEX(Controls!$B$21:$H$21,1,WEEKDAY($A61,2))*(1+Controls!$B$11)^59*(1+Controls!J$25*Smooth!$L61)*(1+Controls!J$26*Smooth!$M61)*(1+Controls!J$27*Smooth!$N61)*(1+Controls!J$28*Smooth!$O61)),2))} | F61: {=IF(OR($A61="",5>Controls!$B$6),"",ROUND(MAX(0,Smooth!F61*Controls!F$17*INDEX(Controls!$B$21:$H$21,1,WEEKDAY($A61,2))*(1+Controls!$B$11)^59*(1+Controls!K$25*Smooth!$L61)*(1+Controls!K$26*Smooth!$M61)*(1+Controls!K$27*Smooth!$N61)*(1+Controls!K$28*Smooth!$O61)),2))} | G61: {=IF(OR($A61="",6>Controls!$B$6),"",ROUND(MAX(0,Smooth!G61*Controls!G$17*INDEX(Controls!$B$21:$H$21,1,WEEKDAY($A61,2))*(1+Controls!$B$11)^59*(1+Controls!L$25*Smooth!$L61)*(1+Controls!L$26*Smooth!$M61)*(1+Controls!L$27*Smooth!$N61)*(1+Controls!L$28*Smooth!$O61)),2))} | H61: {=IF(OR($A61="",7>Controls!$B$6),"",ROUND(MAX(0,Smooth!H61*Controls!H$17*INDEX(Controls!$B$21:$H$21,1,WEEKDAY($A61,2))*(1+Controls!$B$11)^59*(1+Controls!M$25*Smooth!$L61)*(1+Controls!M$26*Smooth!$M61)*(1+Controls!M$27*Smooth!$N61)*(1+Controls!M$28*Smooth!$O61)),2))} | I61: {=IF(OR($A61="",8>Controls!$B$6),"",ROUND(MAX(0,Smooth!I61*Controls!I$17*INDEX(Controls!$B$21:$H$21,1,WEEKDAY($A61,2))*(1+Controls!$B$11)^59*(1+Controls!N$25*Smooth!$L61)*(1+Controls!N$26*Smooth!$M61)*(1+Controls!N$27*Smooth!$N61)*(1+Controls!N$28*Smooth!$O61)),2))} | J61: {=IF(OR($A61="",9>Controls!$B$6),"",ROUND(MAX(0,Smooth!J61*Controls!J$17*INDEX(Controls!$B$21:$H$21,1,WEEKDAY($A61,2))*(1+Controls!$B$11)^59*(1+Controls!O$25*Smooth!$L61)*(1+Controls!O$26*Smooth!$M61)*(1+Controls!O$27*Smooth!$N61)*(1+Controls!O$28*Smooth!$O61)),2))} | K61: {=IF(OR($A61="",10>Controls!$B$6),"",ROUND(MAX(0,Smooth!K61*Controls!K$17*INDEX(Controls!$B$21:$H$21,1,WEEKDAY($A61,2))*(1+Controls!$B$11)^59*(1+Controls!P$25*Smooth!$L61)*(1+Controls!P$26*Smooth!$M61)*(1+Controls!P$27*Smooth!$N61)*(1+Controls!P$28*Smooth!$O61)),2))} | L61: =IF(A61="","",SUM(B61:K61)) -> 177.84
A62: =IF(61<=Controls!$B$5,Controls!$B$4+60,"") -> 73051 | B62: {=IF(OR($A62="",1>Controls!$B$6),"",ROUND(MAX(0,Smooth!B62*Controls!B$17*INDEX(Controls!$B$21:$H$21,1,WEEKDAY($A62,2))*(1+Controls!$B$11)^60*(1+Controls!G$25*Smooth!$L62)*(1+Controls!G$26*Smooth!$M62)*(1+Controls!G$27*Smooth!$N62)*(1+Controls!G$28*Smooth!$O62)),2))} -> 63.97 | C62: {=IF(OR($A62="",2>Controls!$B$6),"",ROUND(MAX(0,Smooth!C62*Controls!C$17*INDEX(Controls!$B$21:$H$21,1,WEEKDAY($A62,2))*(1+Controls!$B$11)^60*(1+Controls!H$25*Smooth!$L62)*(1+Controls!H$26*Smooth!$M62)*(1+Controls!H$27*Smooth!$N62)*(1+Controls!H$28*Smooth!$O62)),2))} -> 44.49 | D62: {=IF(OR($A62="",3>Controls!$B$6),"",ROUND(MAX(0,Smooth!D62*Controls!D$17*INDEX(Controls!$B$21:$H$21,1,WEEKDAY($A62,2))*(1+Controls!$B$11)^60*(1+Controls!I$25*Smooth!$L62)*(1+Controls!I$26*Smooth!$M62)*(1+Controls!I$27*Smooth!$N62)*(1+Controls!I$28*Smooth!$O62)),2))} -> 74.95 | E62: {=IF(OR($A62="",4>Controls!$B$6),"",ROUND(MAX(0,Smooth!E62*Controls!E$17*INDEX(Controls!$B$21:$H$21,1,WEEKDAY($A62,2))*(1+Controls!$B$11)^60*(1+Controls!J$25*Smooth!$L62)*(1+Controls!J$26*Smooth!$M62)*(1+Controls!J$27*Smooth!$N62)*(1+Controls!J$28*Smooth!$O62)),2))} | F62: {=IF(OR($A62="",5>Controls!$B$6),"",ROUND(MAX(0,Smooth!F62*Controls!F$17*INDEX(Controls!$B$21:$H$21,1,WEEKDAY($A62,2))*(1+Controls!$B$11)^60*(1+Controls!K$25*Smooth!$L62)*(1+Controls!K$26*Smooth!$M62)*(1+Controls!K$27*Smooth!$N62)*(1+Controls!K$28*Smooth!$O62)),2))} | G62: {=IF(OR($A62="",6>Controls!$B$6),"",ROUND(MAX(0,Smooth!G62*Controls!G$17*INDEX(Controls!$B$21:$H$21,1,WEEKDAY($A62,2))*(1+Controls!$B$11)^60*(1+Controls!L$25*Smooth!$L62)*(1+Controls!L$26*Smooth!$M62)*(1+Controls!L$27*Smooth!$N62)*(1+Controls!L$28*Smooth!$O62)),2))} | H62: {=IF(OR($A62="",7>Controls!$B$6),"",ROUND(MAX(0,Smooth!H62*Controls!H$17*INDEX(Controls!$B$21:$H$21,1,WEEKDAY($A62,2))*(1+Controls!$B$11)^60*(1+Controls!M$25*Smooth!$L62)*(1+Controls!M$26*Smooth!$M62)*(1+Controls!M$27*Smooth!$N62)*(1+Controls!M$28*Smooth!$O62)),2))} | I62: {=IF(OR($A62="",8>Controls!$B$6),"",ROUND(MAX(0,Smooth!I62*Controls!I$17*INDEX(Controls!$B$21:$H$21,1,WEEKDAY($A62,2))*(1+Controls!$B$11)^60*(1+Controls!N$25*Smooth!$L62)*(1+Controls!N$26*Smooth!$M62)*(1+Controls!N$27*Smooth!$N62)*(1+Controls!N$28*Smooth!$O62)),2))} | J62: {=IF(OR($A62="",9>Controls!$B$6),"",ROUND(MAX(0,Smooth!J62*Controls!J$17*INDEX(Controls!$B$21:$H$21,1,WEEKDAY($A62,2))*(1+Controls!$B$11)^60*(1+Controls!O$25*Smooth!$L62)*(1+Controls!O$26*Smooth!$M62)*(1+Controls!O$27*Smooth!$N62)*(1+Controls!O$28*Smooth!$O62)),2))} | K62: {=IF(OR($A62="",10>Controls!$B$6),"",ROUND(MAX(0,Smooth!K62*Controls!K$17*INDEX(Controls!$B$21:$H$21,1,WEEKDAY($A62,2))*(1+Controls!$B$11)^60*(1+Controls!P$25*Smooth!$L62)*(1+Controls!P$26*Smooth!$M62)*(1+Controls!P$27*Smooth!$N62)*(1+Controls!P$28*Smooth!$O62)),2))} | L62: =IF(A62="","",SUM(B62:K62)) -> 183.41
A63: =IF(62<=Controls!$B$5,Controls!$B$4+61,"") -> 73052 | B63: {=IF(OR($A63="",1>Controls!$B$6),"",ROUND(MAX(0,Smooth!B63*Controls!B$17*INDEX(Controls!$B$21:$H$21,1,WEEKDAY($A63,2))*(1+Controls!$B$11)^61*(1+Controls!G$25*Smooth!$L63)*(1+Controls!G$26*Smooth!$M63)*(1+Controls!G$27*Smooth!$N63)*(1+Controls!G$28*Smooth!$O63)),2))} -> 47.25 | C63: {=IF(OR($A63="",2>Controls!$B$6),"",ROUND(MAX(0,Smooth!C63*Controls!C$17*INDEX(Controls!$B$21:$H$21,1,WEEKDAY($A63,2))*(1+Controls!$B$11)^61*(1+Controls!H$25*Smooth!$L63)*(1+Controls!H$26*Smooth!$M63)*(1+Controls!H$27*Smooth!$N63)*(1+Controls!H$28*Smooth!$O63)),2))} -> 31.38 | D63: {=IF(OR($A63="",3>Controls!$B$6),"",ROUND(MAX(0,Smooth!D63*Controls!D$17*INDEX(Controls!$B$21:$H$21,1,WEEKDAY($A63,2))*(1+Controls!$B$11)^61*(1+Controls!I$25*Smooth!$L63)*(1+Controls!I$26*Smooth!$M63)*(1+Controls!I$27*Smooth!$N63)*(1+Controls!I$28*Smooth!$O63)),2))} -> 68.28 | E63: {=IF(OR($A63="",4>Controls!$B$6),"",ROUND(MAX(0,Smooth!E63*Controls!E$17*INDEX(Controls!$B$21:$H$21,1,WEEKDAY($A63,2))*(1+Controls!$B$11)^61*(1+Controls!J$25*Smooth!$L63)*(1+Controls!J$26*Smooth!$M63)*(1+Controls!J$27*Smooth!$N63)*(1+Controls!J$28*Smooth!$O63)),2))} | F63: {=IF(OR($A63="",5>Controls!$B$6),"",ROUND(MAX(0,Smooth!F63*Controls!F$17*INDEX(Controls!$B$21:$H$21,1,WEEKDAY($A63,2))*(1+Controls!$B$11)^61*(1+Controls!K$25*Smooth!$L63)*(1+Controls!K$26*Smooth!$M63)*(1+Controls!K$27*Smooth!$N63)*(1+Controls!K$28*Smooth!$O63)),2))} | G63: {=IF(OR($A63="",6>Controls!$B$6),"",ROUND(MAX(0,Smooth!G63*Controls!G$17*INDEX(Controls!$B$21:$H$21,1,WEEKDAY($A63,2))*(1+Controls!$B$11)^61*(1+Controls!L$25*Smooth!$L63)*(1+Controls!L$26*Smooth!$M63)*(1+Controls!L$27*Smooth!$N63)*(1+Controls!L$28*Smooth!$O63)),2))} | H63: {=IF(OR($A63="",7>Controls!$B$6),"",ROUND(MAX(0,Smooth!H63*Controls!H$17*INDEX(Controls!$B$21:$H$21,1,WEEKDAY($A63,2))*(1+Controls!$B$11)^61*(1+Controls!M$25*Smooth!$L63)*(1+Controls!M$26*Smooth!$M63)*(1+Controls!M$27*Smooth!$N63)*(1+Controls!M$28*Smooth!$O63)),2))} | I63: {=IF(OR($A63="",8>Controls!$B$6),"",ROUND(MAX(0,Smooth!I63*Controls!I$17*INDEX(Controls!$B$21:$H$21,1,WEEKDAY($A63,2))*(1+Controls!$B$11)^61*(1+Controls!N$25*Smooth!$L63)*(1+Controls!N$26*Smooth!$M63)*(1+Controls!N$27*Smooth!$N63)*(1+Controls!N$28*Smooth!$O63)),2))} | J63: {=IF(OR($A63="",9>Controls!$B$6),"",ROUND(MAX(0,Smooth!J63*Controls!J$17*INDEX(Controls!$B$21:$H$21,1,WEEKDAY($A63,2))*(1+Controls!$B$11)^61*(1+Controls!O$25*Smooth!$L63)*(1+Controls!O$26*Smooth!$M63)*(1+Controls!O$27*Smooth!$N63)*(1+Controls!O$28*Smooth!$O63)),2))} | K63: {=IF(OR($A63="",10>Controls!$B$6),"",ROUND(MAX(0,Smooth!K63*Controls!K$17*INDEX(Controls!$B$21:$H$21,1,WEEKDAY($A63,2))*(1+Controls!$B$11)^61*(1+Controls!P$25*Smooth!$L63)*(1+Controls!P$26*Smooth!$M63)*(1+Controls!P$27*Smooth!$N63)*(1+Controls!P$28*Smooth!$O63)),2))} | L63: =IF(A63="","",SUM(B63:K63)) -> 146.91
A64: =IF(63<=Controls!$B$5,Controls!$B$4+62,"") -> 73053 | B64: {=IF(OR($A64="",1>Controls!$B$6),"",ROUND(MAX(0,Smooth!B64*Controls!B$17*INDEX(Controls!$B$21:$H$21,1,WEEKDAY($A64,2))*(1+Controls!$B$11)^62*(1+Controls!G$25*Smooth!$L64)*(1+Controls!G$26*Smooth!$M64)*(1+Controls!G$27*Smooth!$N64)*(1+Controls!G$28*Smooth!$O64)),2))} -> 26.76 | C64: {=IF(OR($A64="",2>Controls!$B$6),"",ROUND(MAX(0,Smooth!C64*Controls!C$17*INDEX(Controls!$B$21:$H$21,1,WEEKDAY($A64,2))*(1+Controls!$B$11)^62*(1+Controls!H$25*Smooth!$L64)*(1+Controls!H$26*Smooth!$M64)*(1+Controls!H$27*Smooth!$N64)*(1+Controls!H$28*Smooth!$O64)),2))} -> 16.59 | D64: {=IF(OR($A64="",3>Controls!$B$6),"",ROUND(MAX(0,Smooth!D64*Controls!D$17*INDEX(Controls!$B$21:$H$21,1,WEEKDAY($A64,2))*(1+Controls!$B$11)^62*(1+Controls!I$25*Smooth!$L64)*(1+Controls!I$26*Smooth!$M64)*(1+Controls!I$27*Smooth!$N64)*(1+Controls!I$28*Smooth!$O64)),2))} -> 23.44 | E64: {=IF(OR($A64="",4>Controls!$B$6),"",ROUND(MAX(0,Smooth!E64*Controls!E$17*INDEX(Controls!$B$21:$H$21,1,WEEKDAY($A64,2))*(1+Controls!$B$11)^62*(1+Controls!J$25*Smooth!$L64)*(1+Controls!J$26*Smooth!$M64)*(1+Controls!J$27*Smooth!$N64)*(1+Controls!J$28*Smooth!$O64)),2))} | F64: {=IF(OR($A64="",5>Controls!$B$6),"",ROUND(MAX(0,Smooth!F64*Controls!F$17*INDEX(Controls!$B$21:$H$21,1,WEEKDAY($A64,2))*(1+Controls!$B$11)^62*(1+Controls!K$25*Smooth!$L64)*(1+Controls!K$26*Smooth!$M64)*(1+Controls!K$27*Smooth!$N64)*(1+Controls!K$28*Smooth!$O64)),2))} | G64: {=IF(OR($A64="",6>Controls!$B$6),"",ROUND(MAX(0,Smooth!G64*Controls!G$17*INDEX(Controls!$B$21:$H$21,1,WEEKDAY($A64,2))*(1+Controls!$B$11)^62*(1+Controls!L$25*Smooth!$L64)*(1+Controls!L$26*Smooth!$M64)*(1+Controls!L$27*Smooth!$N64)*(1+Controls!L$28*Smooth!$O64)),2))} | H64: {=IF(OR($A64="",7>Controls!$B$6),"",ROUND(MAX(0,Smooth!H64*Controls!H$17*INDEX(Controls!$B$21:$H$21,1,WEEKDAY($A64,2))*(1+Controls!$B$11)^62*(1+Controls!M$25*Smooth!$L64)*(1+Controls!M$26*Smooth!$M64)*(1+Controls!M$27*Smooth!$N64)*(1+Controls!M$28*Smooth!$O64)),2))} | I64: {=IF(OR($A64="",8>Controls!$B$6),"",ROUND(MAX(0,Smooth!I64*Controls!I$17*INDEX(Controls!$B$21:$H$21,1,WEEKDAY($A64,2))*(1+Controls!$B$11)^62*(1+Controls!N$25*Smooth!$L64)*(1+Controls!N$26*Smooth!$M64)*(1+Controls!N$27*Smooth!$N64)*(1+Controls!N$28*Smooth!$O64)),2))} | J64: {=IF(OR($A64="",9>Controls!$B$6),"",ROUND(MAX(0,Smooth!J64*Controls!J$17*INDEX(Controls!$B$21:$H$21,1,WEEKDAY($A64,2))*(1+Controls!$B$11)^62*(1+Controls!O$25*Smooth!$L64)*(1+Controls!O$26*Smooth!$M64)*(1+Controls!O$27*Smooth!$N64)*(1+Controls!O$28*Smooth!$O64)),2))} | K64: {=IF(OR($A64="",10>Controls!$B$6),"",ROUND(MAX(0,Smooth!K64*Controls!K$17*INDEX(Controls!$B$21:$H$21,1,WEEKDAY($A64,2))*(1+Controls!$B$11)^62*(1+Controls!P$25*Smooth!$L64)*(1+Controls!P$26*Smooth!$M64)*(1+Controls!P$27*Smooth!$N64)*(1+Controls!P$28*Smooth!$O64)),2))} | L64: =IF(A64="","",SUM(B64:K64)) -> 66.79
A65: =IF(64<=Controls!$B$5,Controls!$B$4+63,"") -> 73054 | B65: {=IF(OR($A65="",1>Controls!$B$6),"",ROUND(MAX(0,Smooth!B65*Controls!B$17*INDEX(Controls!$B$21:$H$21,1,WEEKDAY($A65,2))*(1+Controls!$B$11)^63*(1+Controls!G$25*Smooth!$L65)*(1+Controls!G$26*Smooth!$M65)*(1+Controls!G$27*Smooth!$N65)*(1+Controls!G$28*Smooth!$O65)),2))} -> 70.88 | C65: {=IF(OR($A65="",2>Controls!$B$6),"",ROUND(MAX(0,Smooth!C65*Controls!C$17*INDEX(Controls!$B$21:$H$21,1,WEEKDAY($A65,2))*(1+Controls!$B$11)^63*(1+Controls!H$25*Smooth!$L65)*(1+Controls!H$26*Smooth!$M65)*(1+Controls!H$27*Smooth!$N65)*(1+Controls!H$28*Smooth!$O65)),2))} -> 52.73 | D65: {=IF(OR($A65="",3>Controls!$B$6),"",ROUND(MAX(0,Smooth!D65*Controls!D$17*INDEX(Controls!$B$21:$H$21,1,WEEKDAY($A65,2))*(1+Controls!$B$11)^63*(1+Controls!I$25*Smooth!$L65)*(1+Controls!I$26*Smooth!$M65)*(1+Controls!I$27*Smooth!$N65)*(1+Controls!I$28*Smooth!$O65)),2))} -> 63.09 | E65: {=IF(OR($A65="",4>Controls!$B$6),"",ROUND(MAX(0,Smooth!E65*Controls!E$17*INDEX(Controls!$B$21:$H$21,1,WEEKDAY($A65,2))*(1+Controls!$B$11)^63*(1+Controls!J$25*Smooth!$L65)*(1+Controls!J$26*Smooth!$M65)*(1+Controls!J$27*Smooth!$N65)*(1+Controls!J$28*Smooth!$O65)),2))} | F65: {=IF(OR($A65="",5>Controls!$B$6),"",ROUND(MAX(0,Smooth!F65*Controls!F$17*INDEX(Controls!$B$21:$H$21,1,WEEKDAY($A65,2))*(1+Controls!$B$11)^63*(1+Controls!K$25*Smooth!$L65)*(1+Controls!K$26*Smooth!$M65)*(1+Controls!K$27*Smooth!$N65)*(1+Controls!K$28*Smooth!$O65)),2))} | G65: {=IF(OR($A65="",6>Controls!$B$6),"",ROUND(MAX(0,Smooth!G65*Controls!G$17*INDEX(Controls!$B$21:$H$21,1,WEEKDAY($A65,2))*(1+Controls!$B$11)^63*(1+Controls!L$25*Smooth!$L65)*(1+Controls!L$26*Smooth!$M65)*(1+Controls!L$27*Smooth!$N65)*(1+Controls!L$28*Smooth!$O65)),2))} | H65: {=IF(OR($A65="",7>Controls!$B$6),"",ROUND(MAX(0,Smooth!H65*Controls!H$17*INDEX(Controls!$B$21:$H$21,1,WEEKDAY($A65,2))*(1+Controls!$B$11)^63*(1+Controls!M$25*Smooth!$L65)*(1+Controls!M$26*Smooth!$M65)*(1+Controls!M$27*Smooth!$N65)*(1+Controls!M$28*Smooth!$O65)),2))} | I65: {=IF(OR($A65="",8>Controls!$B$6),"",ROUND(MAX(0,Smooth!I65*Controls!I$17*INDEX(Controls!$B$21:$H$21,1,WEEKDAY($A65,2))*(1+Controls!$B$11)^63*(1+Controls!N$25*Smooth!$L65)*(1+Controls!N$26*Smooth!$M65)*(1+Controls!N$27*Smooth!$N65)*(1+Controls!N$28*Smooth!$O65)),2))} | J65: {=IF(OR($A65="",9>Controls!$B$6),"",ROUND(MAX(0,Smooth!J65*Controls!J$17*INDEX(Controls!$B$21:$H$21,1,WEEKDAY($A65,2))*(1+Controls!$B$11)^63*(1+Controls!O$25*Smooth!$L65)*(1+Controls!O$26*Smooth!$M65)*(1+Controls!O$27*Smooth!$N65)*(1+Controls!O$28*Smooth!$O65)),2))} | K65: {=IF(OR($A65="",10>Controls!$B$6),"",ROUND(MAX(0,Smooth!K65*Controls!K$17*INDEX(Controls!$B$21:$H$21,1,WEEKDAY($A65,2))*(1+Controls!$B$11)^63*(1+Controls!P$25*Smooth!$L65)*(1+Controls!P$26*Smooth!$M65)*(1+Controls!P$27*Smooth!$N65)*(1+Controls!P$28*Smooth!$O65)),2))} | L65: =IF(A65="","",SUM(B65:K65)) -> 186.7
A66: =IF(65<=Controls!$B$5,Controls!$B$4+64,"") -> 73055 | B66: {=IF(OR($A66="",1>Controls!$B$6),"",ROUND(MAX(0,Smooth!B66*Controls!B$17*INDEX(Controls!$B$21:$H$21,1,WEEKDAY($A66,2))*(1+Controls!$B$11)^64*(1+Controls!G$25*Smooth!$L66)*(1+Controls!G$26*Smooth!$M66)*(1+Controls!G$27*Smooth!$N66)*(1+Controls!G$28*Smooth!$O66)),2))} -> 67.15 | C66: {=IF(OR($A66="",2>Controls!$B$6),"",ROUND(MAX(0,Smooth!C66*Controls!C$17*INDEX(Controls!$B$21:$H$21,1,WEEKDAY($A66,2))*(1+Controls!$B$11)^64*(1+Controls!H$25*Smooth!$L66)*(1+Controls!H$26*Smooth!$M66)*(1+Controls!H$27*Smooth!$N66)*(1+Controls!H$28*Smooth!$O66)),2))} -> 41.74 | D66: {=IF(OR($A66="",3>Controls!$B$6),"",ROUND(MAX(0,Smooth!D66*Controls!D$17*INDEX(Controls!$B$21:$H$21,1,WEEKDAY($A66,2))*(1+Controls!$B$11)^64*(1+Controls!I$25*Smooth!$L66)*(1+Controls!I$26*Smooth!$M66)*(1+Controls!I$27*Smooth!$N66)*(1+Controls!I$28*Smooth!$O66)),2))} -> 70.39 | E66: {=IF(OR($A66="",4>Controls!$B$6),"",ROUND(MAX(0,Smooth!E66*Controls!E$17*INDEX(Controls!$B$21:$H$21,1,WEEKDAY($A66,2))*(1+Controls!$B$11)^64*(1+Controls!J$25*Smooth!$L66)*(1+Controls!J$26*Smooth!$M66)*(1+Controls!J$27*Smooth!$N66)*(1+Controls!J$28*Smooth!$O66)),2))} | F66: {=IF(OR($A66="",5>Controls!$B$6),"",ROUND(MAX(0,Smooth!F66*Controls!F$17*INDEX(Controls!$B$21:$H$21,1,WEEKDAY($A66,2))*(1+Controls!$B$11)^64*(1+Controls!K$25*Smooth!$L66)*(1+Controls!K$26*Smooth!$M66)*(1+Controls!K$27*Smooth!$N66)*(1+Controls!K$28*Smooth!$O66)),2))} | G66: {=IF(OR($A66="",6>Controls!$B$6),"",ROUND(MAX(0,Smooth!G66*Controls!G$17*INDEX(Controls!$B$21:$H$21,1,WEEKDAY($A66,2))*(1+Controls!$B$11)^64*(1+Controls!L$25*Smooth!$L66)*(1+Controls!L$26*Smooth!$M66)*(1+Controls!L$27*Smooth!$N66)*(1+Controls!L$28*Smooth!$O66)),2))} | H66: {=IF(OR($A66="",7>Controls!$B$6),"",ROUND(MAX(0,Smooth!H66*Controls!H$17*INDEX(Controls!$B$21:$H$21,1,WEEKDAY($A66,2))*(1+Controls!$B$11)^64*(1+Controls!M$25*Smooth!$L66)*(1+Controls!M$26*Smooth!$M66)*(1+Controls!M$27*Smooth!$N66)*(1+Controls!M$28*Smooth!$O66)),2))} | I66: {=IF(OR($A66="",8>Controls!$B$6),"",ROUND(MAX(0,Smooth!I66*Controls!I$17*INDEX(Controls!$B$21:$H$21,1,WEEKDAY($A66,2))*(1+Controls!$B$11)^64*(1+Controls!N$25*Smooth!$L66)*(1+Controls!N$26*Smooth!$M66)*(1+Controls!N$27*Smooth!$N66)*(1+Controls!N$28*Smooth!$O66)),2))} | J66: {=IF(OR($A66="",9>Controls!$B$6),"",ROUND(MAX(0,Smooth!J66*Controls!J$17*INDEX(Controls!$B$21:$H$21,1,WEEKDAY($A66,2))*(1+Controls!$B$11)^64*(1+Controls!O$25*Smooth!$L66)*(1+Controls!O$26*Smooth!$M66)*(1+Controls!O$27*Smooth!$N66)*(1+Controls!O$28*Smooth!$O66)),2))} | K66: {=IF(OR($A66="",10>Controls!$B$6),"",ROUND(MAX(0,Smooth!K66*Controls!K$17*INDEX(Controls!$B$21:$H$21,1,WEEKDAY($A66,2))*(1+Controls!$B$11)^64*(1+Controls!P$25*Smooth!$L66)*(1+Controls!P$26*Smooth!$M66)*(1+Controls!P$27*Smooth!$N66)*(1+Controls!P$28*Smooth!$O66)),2))} | L66: =IF(A66="","",SUM(B66:K66)) -> 179.28
A67: =IF(66<=Controls!$B$5,Controls!$B$4+65,"") -> 73056 | B67: {=IF(OR($A67="",1>Controls!$B$6),"",ROUND(MAX(0,Smooth!B67*Controls!B$17*INDEX(Controls!$B$21:$H$21,1,WEEKDAY($A67,2))*(1+Controls!$B$11)^65*(1+Controls!G$25*Smooth!$L67)*(1+Controls!G$26*Smooth!$M67)*(1+Controls!G$27*Smooth!$N67)*(1+Controls!G$28*Smooth!$O67)),2))} -> 67.19 | C67: {=IF(OR($A67="",2>Controls!$B$6),"",ROUND(MAX(0,Smooth!C67*Controls!C$17*INDEX(Controls!$B$21:$H$21,1,WEEKDAY($A67,2))*(1+Controls!$B$11)^65*(1+Controls!H$25*Smooth!$L67)*(1+Controls!H$26*Smooth!$M67)*(1+Controls!H$27*Smooth!$N67)*(1+Controls!H$28*Smooth!$O67)),2))} -> 35.28 | D67: {=IF(OR($A67="",3>Controls!$B$6),"",ROUND(MAX(0,Smooth!D67*Controls!D$17*INDEX(Controls!$B$21:$H$21,1,WEEKDAY($A67,2))*(1+Controls!$B$11)^65*(1+Controls!I$25*Smooth!$L67)*(1+Controls!I$26*Smooth!$M67)*(1+Controls!I$27*Smooth!$N67)*(1+Controls!I$28*Smooth!$O67)),2))} -> 72.17 | E67: {=IF(OR($A67="",4>Controls!$B$6),"",ROUND(MAX(0,Smooth!E67*Controls!E$17*INDEX(Controls!$B$21:$H$21,1,WEEKDAY($A67,2))*(1+Controls!$B$11)^65*(1+Controls!J$25*Smooth!$L67)*(1+Controls!J$26*Smooth!$M67)*(1+Controls!J$27*Smooth!$N67)*(1+Controls!J$28*Smooth!$O67)),2))} | F67: {=IF(OR($A67="",5>Controls!$B$6),"",ROUND(MAX(0,Smooth!F67*Controls!F$17*INDEX(Controls!$B$21:$H$21,1,WEEKDAY($A67,2))*(1+Controls!$B$11)^65*(1+Controls!K$25*Smooth!$L67)*(1+Controls!K$26*Smooth!$M67)*(1+Controls!K$27*Smooth!$N67)*(1+Controls!K$28*Smooth!$O67)),2))} | G67: {=IF(OR($A67="",6>Controls!$B$6),"",ROUND(MAX(0,Smooth!G67*Controls!G$17*INDEX(Controls!$B$21:$H$21,1,WEEKDAY($A67,2))*(1+Controls!$B$11)^65*(1+Controls!L$25*Smooth!$L67)*(1+Controls!L$26*Smooth!$M67)*(1+Controls!L$27*Smooth!$N67)*(1+Controls!L$28*Smooth!$O67)),2))} | H67: {=IF(OR($A67="",7>Controls!$B$6),"",ROUND(MAX(0,Smooth!H67*Controls!H$17*INDEX(Controls!$B$21:$H$21,1,WEEKDAY($A67,2))*(1+Controls!$B$11)^65*(1+Controls!M$25*Smooth!$L67)*(1+Controls!M$26*Smooth!$M67)*(1+Controls!M$27*Smooth!$N67)*(1+Controls!M$28*Smooth!$O67)),2))} | I67: {=IF(OR($A67="",8>Controls!$B$6),"",ROUND(MAX(0,Smooth!I67*Controls!I$17*INDEX(Controls!$B$21:$H$21,1,WEEKDAY($A67,2))*(1+Controls!$B$11)^65*(1+Controls!N$25*Smooth!$L67)*(1+Controls!N$26*Smooth!$M67)*(1+Controls!N$27*Smooth!$N67)*(1+Controls!N$28*Smooth!$O67)),2))} | J67: {=IF(OR($A67="",9>Controls!$B$6),"",ROUND(MAX(0,Smooth!J67*Controls!J$17*INDEX(Controls!$B$21:$H$21,1,WEEKDAY($A67,2))*(1+Controls!$B$11)^65*(1+Controls!O$25*Smooth!$L67)*(1+Controls!O$26*Smooth!$M67)*(1+Controls!O$27*Smooth!$N67)*(1+Controls!O$28*Smooth!$O67)),2))} | K67: {=IF(OR($A67="",10>Controls!$B$6),"",ROUND(MAX(0,Smooth!K67*Controls!K$17*INDEX(Controls!$B$21:$H$21,1,WEEKDAY($A67,2))*(1+Controls!$B$11)^65*(1+Controls!P$25*Smooth!$L67)*(1+Controls!P$26*Smooth!$M67)*(1+Controls!P$27*Smooth!$N67)*(1+Controls!P$28*Smooth!$O67)),2))} | L67: =IF(A67="","",SUM(B67:K67)) -> 174.64
A68: =IF(67<=Controls!$B$5,Controls!$B$4+66,"") -> 73057 | B68: {=IF(OR($A68="",1>Controls!$B$6),"",ROUND(MAX(0,Smooth!B68*Controls!B$17*INDEX(Controls!$B$21:$H$21,1,WEEKDAY($A68,2))*(1+Controls!$B$11)^66*(1+Controls!G$25*Smooth!$L68)*(1+Controls!G$26*Smooth!$M68)*(1+Controls!G$27*Smooth!$N68)*(1+Controls!G$28*Smooth!$O68)),2))} -> 62.73 | C68: {=IF(OR($A68="",2>Controls!$B$6),"",ROUND(MAX(0,Smooth!C68*Controls!C$17*INDEX(Controls!$B$21:$H$21,1,WEEKDAY($A68,2))*(1+Controls!$B$11)^66*(1+Controls!H$25*Smooth!$L68)*(1+Controls!H$26*Smooth!$M68)*(1+Controls!H$27*Smooth!$N68)*(1+Controls!H$28*Smooth!$O68)),2))} -> 46.31 | D68: {=IF(OR($A68="",3>Controls!$B$6),"",ROUND(MAX(0,Smooth!D68*Controls!D$17*INDEX(Controls!$B$21:$H$21,1,WEEKDAY($A68,2))*(1+Controls!$B$11)^66*(1+Controls!I$25*Smooth!$L68)*(1+Controls!I$26*Smooth!$M68)*(1+Controls!I$27*Smooth!$N68)*(1+Controls!I$28*Smooth!$O68)),2))} -> 88.29 | E68: {=IF(OR($A68="",4>Controls!$B$6),"",ROUND(MAX(0,Smooth!E68*Controls!E$17*INDEX(Controls!$B$21:$H$21,1,WEEKDAY($A68,2))*(1+Controls!$B$11)^66*(1+Controls!J$25*Smooth!$L68)*(1+Controls!J$26*Smooth!$M68)*(1+Controls!J$27*Smooth!$N68)*(1+Controls!J$28*Smooth!$O68)),2))} | F68: {=IF(OR($A68="",5>Controls!$B$6),"",ROUND(MAX(0,Smooth!F68*Controls!F$17*INDEX(Controls!$B$21:$H$21,1,WEEKDAY($A68,2))*(1+Controls!$B$11)^66*(1+Controls!K$25*Smooth!$L68)*(1+Controls!K$26*Smooth!$M68)*(1+Controls!K$27*Smooth!$N68)*(1+Controls!K$28*Smooth!$O68)),2))} | G68: {=IF(OR($A68="",6>Controls!$B$6),"",ROUND(MAX(0,Smooth!G68*Controls!G$17*INDEX(Controls!$B$21:$H$21,1,WEEKDAY($A68,2))*(1+Controls!$B$11)^66*(1+Controls!L$25*Smooth!$L68)*(1+Controls!L$26*Smooth!$M68)*(1+Controls!L$27*Smooth!$N68)*(1+Controls!L$28*Smooth!$O68)),2))} | H68: {=IF(OR($A68="",7>Controls!$B$6),"",ROUND(MAX(0,Smooth!H68*Controls!H$17*INDEX(Controls!$B$21:$H$21,1,WEEKDAY($A68,2))*(1+Controls!$B$11)^66*(1+Controls!M$25*Smooth!$L68)*(1+Controls!M$26*Smooth!$M68)*(1+Controls!M$27*Smooth!$N68)*(1+Controls!M$28*Smooth!$O68)),2))} | I68: {=IF(OR($A68="",8>Controls!$B$6),"",ROUND(MAX(0,Smooth!I68*Controls!I$17*INDEX(Controls!$B$21:$H$21,1,WEEKDAY($A68,2))*(1+Controls!$B$11)^66*(1+Controls!N$25*Smooth!$L68)*(1+Controls!N$26*Smooth!$M68)*(1+Controls!N$27*Smooth!$N68)*(1+Controls!N$28*Smooth!$O68)),2))} | J68: {=IF(OR($A68="",9>Controls!$B$6),"",ROUND(MAX(0,Smooth!J68*Controls!J$17*INDEX(Controls!$B$21:$H$21,1,WEEKDAY($A68,2))*(1+Controls!$B$11)^66*(1+Controls!O$25*Smooth!$L68)*(1+Controls!O$26*Smooth!$M68)*(1+Controls!O$27*Smooth!$N68)*(1+Controls!O$28*Smooth!$O68)),2))} | K68: {=IF(OR($A68="",10>Controls!$B$6),"",ROUND(MAX(0,Smooth!K68*Controls!K$17*INDEX(Controls!$B$21:$H$21,1,WEEKDAY($A68,2))*(1+Controls!$B$11)^66*(1+Controls!P$25*Smooth!$L68)*(1+Controls!P$26*Smooth!$M68)*(1+Controls!P$27*Smooth!$N68)*(1+Controls!P$28*Smooth!$O68)),2))} | L68: =IF(A68="","",SUM(B68:K68)) -> 197.33
A69: =IF(68<=Controls!$B$5,Controls!$B$4+67,"") -> 73058 | B69: {=IF(OR($A69="",1>Controls!$B$6),"",ROUND(MAX(0,Smooth!B69*Controls!B$17*INDEX(Controls!$B$21:$H$21,1,WEEKDAY($A69,2))*(1+Controls!$B$11)^67*(1+Controls!G$25*Smooth!$L69)*(1+Controls!G$26*Smooth!$M69)*(1+Controls!G$27*Smooth!$N69)*(1+Controls!G$28*Smooth!$O69)),2))} -> 70.57 | C69: {=IF(OR($A69="",2>Controls!$B$6),"",ROUND(MAX(0,Smooth!C69*Controls!C$17*INDEX(Controls!$B$21:$H$21,1,WEEKDAY($A69,2))*(1+Controls!$B$11)^67*(1+Controls!H$25*Smooth!$L69)*(1+Controls!H$26*Smooth!$M69)*(1+Controls!H$27*Smooth!$N69)*(1+Controls!H$28*Smooth!$O69)),2))} -> 52.04 | D69: {=IF(OR($A69="",3>Controls!$B$6),"",ROUND(MAX(0,Smooth!D69*Controls!D$17*INDEX(Controls!$B$21:$H$21,1,WEEKDAY($A69,2))*(1+Controls!$B$11)^67*(1+Controls!I$25*Smooth!$L69)*(1+Controls!I$26*Smooth!$M69)*(1+Controls!I$27*Smooth!$N69)*(1+Controls!I$28*Smooth!$O69)),2))} -> 104.85 | E69: {=IF(OR($A69="",4>Controls!$B$6),"",ROUND(MAX(0,Smooth!E69*Controls!E$17*INDEX(Controls!$B$21:$H$21,1,WEEKDAY($A69,2))*(1+Controls!$B$11)^67*(1+Controls!J$25*Smooth!$L69)*(1+Controls!J$26*Smooth!$M69)*(1+Controls!J$27*Smooth!$N69)*(1+Controls!J$28*Smooth!$O69)),2))} | F69: {=IF(OR($A69="",5>Controls!$B$6),"",ROUND(MAX(0,Smooth!F69*Controls!F$17*INDEX(Controls!$B$21:$H$21,1,WEEKDAY($A69,2))*(1+Controls!$B$11)^67*(1+Controls!K$25*Smooth!$L69)*(1+Controls!K$26*Smooth!$M69)*(1+Controls!K$27*Smooth!$N69)*(1+Controls!K$28*Smooth!$O69)),2))} | G69: {=IF(OR($A69="",6>Controls!$B$6),"",ROUND(MAX(0,Smooth!G69*Controls!G$17*INDEX(Controls!$B$21:$H$21,1,WEEKDAY($A69,2))*(1+Controls!$B$11)^67*(1+Controls!L$25*Smooth!$L69)*(1+Controls!L$26*Smooth!$M69)*(1+Controls!L$27*Smooth!$N69)*(1+Controls!L$28*Smooth!$O69)),2))} | H69: {=IF(OR($A69="",7>Controls!$B$6),"",ROUND(MAX(0,Smooth!H69*Controls!H$17*INDEX(Controls!$B$21:$H$21,1,WEEKDAY($A69,2))*(1+Controls!$B$11)^67*(1+Controls!M$25*Smooth!$L69)*(1+Controls!M$26*Smooth!$M69)*(1+Controls!M$27*Smooth!$N69)*(1+Controls!M$28*Smooth!$O69)),2))} | I69: {=IF(OR($A69="",8>Controls!$B$6),"",ROUND(MAX(0,Smooth!I69*Controls!I$17*INDEX(Controls!$B$21:$H$21,1,WEEKDAY($A69,2))*(1+Controls!$B$11)^67*(1+Controls!N$25*Smooth!$L69)*(1+Controls!N$26*Smooth!$M69)*(1+Controls!N$27*Smooth!$N69)*(1+Controls!N$28*Smooth!$O69)),2))} | J69: {=IF(OR($A69="",9>Controls!$B$6),"",ROUND(MAX(0,Smooth!J69*Controls!J$17*INDEX(Controls!$B$21:$H$21,1,WEEKDAY($A69,2))*(1+Controls!$B$11)^67*(1+Controls!O$25*Smooth!$L69)*(1+Controls!O$26*Smooth!$M69)*(1+Controls!O$27*Smooth!$N69)*(1+Controls!O$28*Smooth!$O69)),2))} | K69: {=IF(OR($A69="",10>Controls!$B$6),"",ROUND(MAX(0,Smooth!K69*Controls!K$17*INDEX(Controls!$B$21:$H$21,1,WEEKDAY($A69,2))*(1+Controls!$B$11)^67*(1+Controls!P$25*Smooth!$L69)*(1+Controls!P$26*Smooth!$M69)*(1+Controls!P$27*Smooth!$N69)*(1+Controls!P$28*Smooth!$O69)),2))} | L69: =IF(A69="","",SUM(B69:K69)) -> 227.46
A70: =IF(69<=Controls!$B$5,Controls!$B$4+68,"") -> 73059 | B70: {=IF(OR($A70="",1>Controls!$B$6),"",ROUND(MAX(0,Smooth!B70*Controls!B$17*INDEX(Controls!$B$21:$H$21,1,WEEKDAY($A70,2))*(1+Controls!$B$11)^68*(1+Controls!G$25*Smooth!$L70)*(1+Controls!G$26*Smooth!$M70)*(1+Controls!G$27*Smooth!$N70)*(1+Controls!G$28*Smooth!$O70)),2))} -> 46 | C70: {=IF(OR($A70="",2>Controls!$B$6),"",ROUND(MAX(0,Smooth!C70*Controls!C$17*INDEX(Controls!$B$21:$H$21,1,WEEKDAY($A70,2))*(1+Controls!$B$11)^68*(1+Controls!H$25*Smooth!$L70)*(1+Controls!H$26*Smooth!$M70)*(1+Controls!H$27*Smooth!$N70)*(1+Controls!H$28*Smooth!$O70)),2))} -> 45.08 | D70: {=IF(OR($A70="",3>Controls!$B$6),"",ROUND(MAX(0,Smooth!D70*Controls!D$17*INDEX(Controls!$B$21:$H$21,1,WEEKDAY($A70,2))*(1+Controls!$B$11)^68*(1+Controls!I$25*Smooth!$L70)*(1+Controls!I$26*Smooth!$M70)*(1+Controls!I$27*Smooth!$N70)*(1+Controls!I$28*Smooth!$O70)),2))} -> 66.59 | E70: {=IF(OR($A70="",4>Controls!$B$6),"",ROUND(MAX(0,Smooth!E70*Controls!E$17*INDEX(Controls!$B$21:$H$21,1,WEEKDAY($A70,2))*(1+Controls!$B$11)^68*(1+Controls!J$25*Smooth!$L70)*(1+Controls!J$26*Smooth!$M70)*(1+Controls!J$27*Smooth!$N70)*(1+Controls!J$28*Smooth!$O70)),2))} | F70: {=IF(OR($A70="",5>Controls!$B$6),"",ROUND(MAX(0,Smooth!F70*Controls!F$17*INDEX(Controls!$B$21:$H$21,1,WEEKDAY($A70,2))*(1+Controls!$B$11)^68*(1+Controls!K$25*Smooth!$L70)*(1+Controls!K$26*Smooth!$M70)*(1+Controls!K$27*Smooth!$N70)*(1+Controls!K$28*Smooth!$O70)),2))} | G70: {=IF(OR($A70="",6>Controls!$B$6),"",ROUND(MAX(0,Smooth!G70*Controls!G$17*INDEX(Controls!$B$21:$H$21,1,WEEKDAY($A70,2))*(1+Controls!$B$11)^68*(1+Controls!L$25*Smooth!$L70)*(1+Controls!L$26*Smooth!$M70)*(1+Controls!L$27*Smooth!$N70)*(1+Controls!L$28*Smooth!$O70)),2))} | H70: {=IF(OR($A70="",7>Controls!$B$6),"",ROUND(MAX(0,Smooth!H70*Controls!H$17*INDEX(Controls!$B$21:$H$21,1,WEEKDAY($A70,2))*(1+Controls!$B$11)^68*(1+Controls!M$25*Smooth!$L70)*(1+Controls!M$26*Smooth!$M70)*(1+Controls!M$27*Smooth!$N70)*(1+Controls!M$28*Smooth!$O70)),2))} | I70: {=IF(OR($A70="",8>Controls!$B$6),"",ROUND(MAX(0,Smooth!I70*Controls!I$17*INDEX(Controls!$B$21:$H$21,1,WEEKDAY($A70,2))*(1+Controls!$B$11)^68*(1+Controls!N$25*Smooth!$L70)*(1+Controls!N$26*Smooth!$M70)*(1+Controls!N$27*Smooth!$N70)*(1+Controls!N$28*Smooth!$O70)),2))} | J70: {=IF(OR($A70="",9>Controls!$B$6),"",ROUND(MAX(0,Smooth!J70*Controls!J$17*INDEX(Controls!$B$21:$H$21,1,WEEKDAY($A70,2))*(1+Controls!$B$11)^68*(1+Controls!O$25*Smooth!$L70)*(1+Controls!O$26*Smooth!$M70)*(1+Controls!O$27*Smooth!$N70)*(1+Controls!O$28*Smooth!$O70)),2))} | K70: {=IF(OR($A70="",10>Controls!$B$6),"",ROUND(MAX(0,Smooth!K70*Controls!K$17*INDEX(Controls!$B$21:$H$21,1,WEEKDAY($A70,2))*(1+Controls!$B$11)^68*(1+Controls!P$25*Smooth!$L70)*(1+Controls!P$26*Smooth!$M70)*(1+Controls!P$27*Smooth!$N70)*(1+Controls!P$28*Smooth!$O70)),2))} | L70: =IF(A70="","",SUM(B70:K70)) -> 157.67
